Day of Onset Dt,Adams,Allen,Ashland,Ashtabula,Athens,Auglaize,Belmont,Brown,Butler,Carroll,Champaign,Clark,Clermont,Clinton,Columbiana,Coshocton,Crawford,Cuyahoga,Darke,Defiance,Delaware,Erie,Fairfield,Fayette,Franklin,Fulton,Gallia,Geauga,Greene,Guernsey,Hamilton,Hancock,Hardin,Harrison,Henry,Highland,Hocking,Holmes,Huron,Jackson,Jefferson,Knox,Lake,Lawrence,Licking,Logan,Lorain,Lucas,Madison,Mahoning,Marion,Medina,Meigs,Mercer,Miami,Monroe,Montgomery,Morgan,Morrow,Muskingum,Noble,Ottawa,Paulding,Perry,Pickaway,Pike,Portage,Preble,Putnam,Richland,Ross,Sandusky,Scioto,Seneca,Shelby,Stark,Summit,Trumbull,Tuscarawas,Union,Van Wert,Vinton,Warren,Washington,Wayne,Williams,Wood,Wyandot,Wyandot.1
2020/10/1,6.0,24.0,10.0,2.0,27.0,7.0,1.0,2.0,89,3.0,1.0,21.0,33.0,1.0,3.0,2.0,6.0,64,15.0,6.0,25.0,9.0,22.0,13.0,141,6.0,2.0,2.0,21,3.0,96.0,5.0,3.0,-1.0,10.0,4.0,1.0,10.0,13.0,6.0,3.0,4.0,6.0,7.0,26.0,5.0,6.0,30,8.0,20.0,10.0,5.0,1.0,9.0,15.0,-1.0,100,1.0,1.0,10.0,1.0,1.0,-1.0,5.0,10.0,1.0,17.0,5.0,5.0,9.0,15.0,3.0,11.0,2.0,4.0,44,53,17,13.0,11.0,1.0,-1.0,28.0,1.0,5.0,1.0,24.0,3.0,3.0
2020/10/2,5.0,23.0,5.0,2.0,22.0,17.0,2.0,4.0,72,3.0,1.0,29.0,18.0,5.0,8.0,1.0,3.0,77,9.0,-1.0,18.0,6.0,24.0,2.0,135,8.0,5.0,5.0,33,10.0,129.0,6.0,3.0,1.0,6.0,9.0,2.0,4.0,4.0,7.0,5.0,4.0,10.0,8.0,16.0,3.0,16.0,39,8.0,35.0,8.0,13.0,1.0,21.0,20.0,1.0,139,1.0,-1.0,19.0,1.0,2.0,3.0,4.0,13.0,5.0,22.0,-1.0,13.0,34.0,14.0,7.0,22.0,5.0,12.0,35,46,15,6.0,5.0,5.0,-1.0,35.0,2.0,15.0,6.0,14.0,5.0,5.0
2020/10/3,-1.0,23.0,5.0,2.0,17.0,12.0,3.0,1.0,71,1.0,1.0,22.0,28.0,2.0,6.0,1.0,5.0,61,13.0,4.0,20.0,8.0,14.0,7.0,153,7.0,3.0,1.0,22,2.0,107.0,5.0,-1.0,-1.0,11.0,15.0,1.0,6.0,3.0,4.0,3.0,-1.0,11.0,10.0,12.0,1.0,13.0,33,5.0,16.0,10.0,5.0,2.0,11.0,22.0,1.0,59,-1.0,2.0,25.0,4.0,3.0,3.0,-1.0,5.0,3.0,12.0,7.0,7.0,12.0,21.0,2.0,8.0,2.0,6.0,25,39,5,10.0,21.0,2.0,1.0,33.0,-1.0,7.0,5.0,13.0,1.0,1.0
2020/10/4,1.0,18.0,3.0,-1.0,28.0,12.0,-1.0,2.0,55,-1.0,4.0,20.0,19.0,4.0,7.0,3.0,7.0,56,12.0,9.0,20.0,7.0,14.0,11.0,144,9.0,2.0,1.0,22,4.0,101.0,8.0,3.0,1.0,3.0,3.0,1.0,3.0,5.0,3.0,4.0,2.0,6.0,5.0,17.0,3.0,15.0,28,9.0,10.0,8.0,9.0,1.0,11.0,11.0,-1.0,53,1.0,3.0,10.0,7.0,2.0,1.0,2.0,5.0,4.0,11.0,6.0,17.0,9.0,16.0,7.0,8.0,5.0,8.0,24,38,8,7.0,4.0,4.0,4.0,20.0,2.0,13.0,5.0,19.0,4.0,4.0
2020/10/5,3.0,39.0,10.0,2.0,33.0,11.0,4.0,7.0,110,2.0,8.0,29.0,38.0,4.0,8.0,12.0,7.0,107,20.0,5.0,24.0,12.0,14.0,13.0,211,8.0,6.0,5.0,23,6.0,180.0,32.0,4.0,-1.0,6.0,12.0,1.0,14.0,7.0,8.0,11.0,5.0,11.0,7.0,29.0,5.0,16.0,54,15.0,30.0,11.0,12.0,2.0,17.0,34.0,-1.0,133,1.0,8.0,18.0,1.0,9.0,1.0,2.0,10.0,5.0,26.0,9.0,11.0,15.0,21.0,2.0,22.0,3.0,6.0,39,76,15,28.0,3.0,10.0,3.0,57.0,2.0,16.0,8.0,22.0,4.0,4.0
2020/10/6,2.0,26.0,7.0,1.0,25.0,11.0,2.0,2.0,104,1.0,5.0,47.0,31.0,3.0,4.0,6.0,8.0,123,13.0,6.0,20.0,7.0,23.0,12.0,220,18.0,2.0,2.0,42,7.0,179.0,11.0,8.0,-1.0,6.0,9.0,-1.0,6.0,6.0,6.0,3.0,6.0,11.0,6.0,52.0,1.0,12.0,39,10.0,23.0,8.0,23.0,1.0,17.0,28.0,1.0,140,1.0,4.0,11.0,3.0,11.0,4.0,6.0,14.0,6.0,31.0,9.0,13.0,17.0,15.0,3.0,17.0,5.0,16.0,32,58,10,10.0,6.0,8.0,1.0,62.0,4.0,21.0,5.0,25.0,8.0,8.0
2020/10/7,4.0,40.0,12.0,2.0,27.0,27.0,4.0,7.0,121,3.0,4.0,25.0,35.0,4.0,6.0,2.0,20.0,100,19.0,3.0,27.0,6.0,28.0,9.0,212,7.0,3.0,5.0,44,6.0,174.0,13.0,2.0,-1.0,4.0,8.0,1.0,13.0,4.0,16.0,8.0,2.0,15.0,24.0,30.0,6.0,15.0,37,9.0,19.0,10.0,20.0,-1.0,10.0,24.0,4.0,106,3.0,3.0,18.0,5.0,7.0,4.0,2.0,11.0,4.0,20.0,11.0,18.0,16.0,25.0,16.0,6.0,9.0,11.0,58,77,12,14.0,8.0,8.0,1.0,51.0,7.0,32.0,7.0,15.0,2.0,2.0
2020/10/8,5.0,33.0,4.0,2.0,19.0,18.0,3.0,6.0,112,1.0,6.0,36.0,30.0,9.0,12.0,4.0,8.0,132,6.0,4.0,18.0,5.0,24.0,12.0,183,9.0,2.0,2.0,40,11.0,161.0,9.0,2.0,-1.0,7.0,9.0,1.0,17.0,11.0,4.0,9.0,1.0,11.0,9.0,29.0,6.0,16.0,47,11.0,18.0,17.0,16.0,-1.0,15.0,21.0,4.0,103,-1.0,4.0,16.0,13.0,3.0,5.0,2.0,27.0,2.0,25.0,5.0,17.0,15.0,24.0,9.0,13.0,7.0,11.0,55,54,9,13.0,12.0,4.0,1.0,53.0,7.0,26.0,1.0,14.0,3.0,3.0
2020/10/9,8.0,31.0,6.0,4.0,24.0,21.0,5.0,6.0,135,3.0,3.0,40.0,41.0,13.0,10.0,6.0,6.0,106,5.0,9.0,19.0,8.0,22.0,9.0,173,13.0,4.0,12.0,40,11.0,166.0,11.0,5.0,1.0,6.0,17.0,2.0,8.0,6.0,12.0,10.0,6.0,14.0,6.0,25.0,8.0,14.0,40,10.0,36.0,13.0,22.0,3.0,16.0,35.0,2.0,116,-1.0,5.0,27.0,6.0,6.0,7.0,3.0,17.0,7.0,19.0,10.0,23.0,20.0,37.0,8.0,18.0,7.0,12.0,36,74,15,22.0,14.0,6.0,4.0,53.0,7.0,22.0,5.0,23.0,9.0,9.0
2020/10/10,5.0,37.0,2.0,1.0,12.0,22.0,2.0,5.0,93,2.0,7.0,31.0,31.0,11.0,7.0,5.0,8.0,102,9.0,2.0,14.0,9.0,21.0,7.0,167,8.0,2.0,8.0,24,6.0,120.0,10.0,3.0,-1.0,3.0,4.0,-1.0,18.0,8.0,9.0,1.0,3.0,14.0,14.0,24.0,5.0,8.0,28,3.0,23.0,9.0,12.0,-1.0,12.0,18.0,-1.0,112,2.0,9.0,11.0,1.0,4.0,4.0,4.0,12.0,4.0,11.0,8.0,12.0,10.0,21.0,4.0,11.0,10.0,8.0,23,58,13,23.0,13.0,8.0,2.0,29.0,1.0,30.0,3.0,19.0,4.0,4.0
2020/10/11,2.0,32.0,4.0,2.0,22.0,25.0,4.0,2.0,69,-1.0,4.0,23.0,34.0,9.0,4.0,3.0,9.0,96,16.0,2.0,7.0,6.0,13.0,6.0,168,4.0,5.0,5.0,27,7.0,112.0,13.0,1.0,1.0,1.0,6.0,2.0,9.0,8.0,14.0,1.0,6.0,10.0,10.0,28.0,7.0,9.0,31,6.0,21.0,9.0,22.0,3.0,15.0,16.0,3.0,82,4.0,3.0,15.0,3.0,4.0,8.0,3.0,6.0,8.0,20.0,10.0,14.0,15.0,18.0,4.0,12.0,12.0,11.0,25,62,8,11.0,7.0,6.0,5.0,46.0,4.0,33.0,5.0,26.0,3.0,3.0
2020/10/12,8.0,54.0,8.0,7.0,28.0,36.0,7.0,2.0,124,1.0,2.0,48.0,44.0,7.0,16.0,2.0,21.0,124,16.0,5.0,36.0,18.0,33.0,14.0,241,23.0,4.0,12.0,43,8.0,220.0,28.0,5.0,2.0,8.0,9.0,1.0,20.0,7.0,15.0,8.0,11.0,20.0,26.0,51.0,8.0,36.0,62,6.0,48.0,12.0,32.0,1.0,21.0,27.0,8.0,145,2.0,4.0,24.0,6.0,10.0,5.0,2.0,55.0,7.0,21.0,13.0,26.0,16.0,33.0,5.0,26.0,6.0,13.0,58,126,21,31.0,12.0,13.0,-1.0,68.0,11.0,54.0,11.0,34.0,5.0,5.0
2020/10/13,1.0,34.0,5.0,8.0,23.0,30.0,3.0,7.0,113,1.0,2.0,29.0,41.0,5.0,9.0,6.0,14.0,132,15.0,5.0,41.0,7.0,27.0,9.0,265,14.0,6.0,14.0,51,4.0,261.0,15.0,5.0,2.0,11.0,10.0,3.0,16.0,6.0,9.0,11.0,6.0,16.0,15.0,42.0,9.0,16.0,62,7.0,39.0,21.0,28.0,3.0,11.0,28.0,3.0,154,2.0,9.0,13.0,9.0,3.0,9.0,2.0,17.0,4.0,25.0,4.0,20.0,25.0,33.0,9.0,19.0,8.0,7.0,49,76,25,16.0,12.0,7.0,-1.0,56.0,6.0,39.0,10.0,30.0,5.0,5.0
2020/10/14,2.0,51.0,7.0,4.0,19.0,20.0,7.0,8.0,105,3.0,3.0,32.0,47.0,10.0,12.0,4.0,15.0,154,12.0,2.0,36.0,8.0,38.0,11.0,236,9.0,5.0,9.0,45,12.0,213.0,30.0,6.0,-1.0,11.0,6.0,1.0,26.0,3.0,14.0,4.0,5.0,27.0,14.0,49.0,3.0,30.0,51,9.0,30.0,19.0,20.0,3.0,11.0,29.0,7.0,148,-1.0,6.0,38.0,4.0,8.0,4.0,2.0,19.0,1.0,16.0,18.0,22.0,20.0,16.0,5.0,18.0,5.0,11.0,54,69,24,41.0,11.0,10.0,3.0,100.0,7.0,48.0,1.0,25.0,3.0,3.0
2020/10/15,6.0,38.0,4.0,3.0,29.0,22.0,3.0,12.0,121,-1.0,10.0,37.0,50.0,19.0,12.0,5.0,11.0,141,12.0,7.0,26.0,12.0,29.0,8.0,190,18.0,2.0,11.0,51,6.0,193.0,27.0,3.0,-1.0,8.0,10.0,2.0,21.0,5.0,6.0,7.0,11.0,18.0,13.0,46.0,6.0,23.0,43,11.0,24.0,14.0,26.0,-1.0,28.0,25.0,3.0,133,-1.0,7.0,17.0,4.0,5.0,6.0,3.0,14.0,6.0,17.0,8.0,28.0,13.0,18.0,2.0,17.0,2.0,16.0,41,80,28,32.0,9.0,9.0,11.0,60.0,4.0,37.0,8.0,26.0,5.0,5.0
2020/10/16,3.0,37.0,6.0,2.0,18.0,13.0,6.0,4.0,91,7.0,8.0,56.0,28.0,11.0,11.0,4.0,11.0,152,10.0,7.0,31.0,14.0,22.0,8.0,228,1.0,2.0,8.0,50,14.0,209.0,12.0,4.0,-1.0,10.0,19.0,-1.0,16.0,3.0,13.0,6.0,10.0,28.0,14.0,44.0,2.0,22.0,75,6.0,32.0,18.0,25.0,2.0,26.0,26.0,3.0,135,4.0,8.0,14.0,4.0,9.0,5.0,6.0,10.0,3.0,25.0,10.0,33.0,21.0,18.0,5.0,14.0,7.0,8.0,56,65,29,28.0,8.0,6.0,-1.0,66.0,4.0,39.0,7.0,26.0,1.0,1.0
2020/10/17,4.0,34.0,5.0,4.0,14.0,20.0,2.0,10.0,69,5.0,1.0,39.0,41.0,12.0,7.0,3.0,10.0,128,17.0,5.0,19.0,9.0,24.0,5.0,218,10.0,-1.0,8.0,33,6.0,151.0,9.0,6.0,-1.0,4.0,11.0,2.0,20.0,4.0,9.0,4.0,9.0,16.0,6.0,30.0,10.0,16.0,57,4.0,22.0,5.0,16.0,2.0,19.0,20.0,2.0,108,2.0,12.0,19.0,5.0,4.0,4.0,5.0,4.0,3.0,20.0,12.0,18.0,15.0,10.0,3.0,20.0,11.0,16.0,34,68,32,23.0,9.0,8.0,3.0,56.0,7.0,41.0,4.0,17.0,5.0,5.0
2020/10/18,3.0,36.0,8.0,5.0,18.0,20.0,2.0,4.0,75,4.0,4.0,24.0,36.0,12.0,11.0,7.0,9.0,109,9.0,8.0,14.0,4.0,23.0,3.0,190,13.0,6.0,9.0,32,16.0,158.0,14.0,1.0,1.0,6.0,13.0,2.0,22.0,3.0,8.0,2.0,10.0,19.0,9.0,32.0,7.0,16.0,53,3.0,27.0,15.0,33.0,1.0,18.0,18.0,6.0,105,1.0,6.0,15.0,2.0,4.0,7.0,2.0,8.0,6.0,31.0,14.0,28.0,17.0,22.0,11.0,18.0,10.0,12.0,41,80,29,18.0,9.0,9.0,4.0,37.0,4.0,27.0,4.0,25.0,3.0,3.0
2020/10/19,1.0,43.0,15.0,5.0,28.0,49.0,10.0,10.0,121,7.0,7.0,42.0,59.0,10.0,13.0,9.0,10.0,193,30.0,15.0,28.0,4.0,37.0,2.0,314,10.0,2.0,20.0,47,12.0,260.0,23.0,12.0,1.0,18.0,12.0,3.0,36.0,4.0,7.0,9.0,12.0,29.0,31.0,55.0,5.0,48.0,91,10.0,46.0,21.0,37.0,1.0,25.0,34.0,9.0,191,5.0,6.0,18.0,6.0,5.0,7.0,12.0,25.0,10.0,28.0,15.0,48.0,30.0,26.0,8.0,20.0,12.0,20.0,72,88,29,28.0,7.0,14.0,4.0,75.0,9.0,40.0,15.0,40.0,1.0,1.0
2020/10/20,7.0,56.0,7.0,6.0,19.0,25.0,9.0,19.0,142,14.0,8.0,47.0,62.0,7.0,16.0,11.0,19.0,222,10.0,17.0,41.0,6.0,53.0,9.0,305,14.0,10.0,12.0,45,23.0,259.0,20.0,13.0,1.0,12.0,20.0,4.0,26.0,7.0,14.0,10.0,10.0,41.0,16.0,57.0,11.0,33.0,103,10.0,46.0,16.0,45.0,1.0,27.0,28.0,3.0,174,1.0,2.0,19.0,5.0,14.0,5.0,9.0,17.0,12.0,27.0,15.0,51.0,29.0,34.0,17.0,23.0,20.0,16.0,75,81,34,38.0,13.0,11.0,4.0,72.0,8.0,54.0,9.0,29.0,2.0,2.0
2020/10/21,8.0,46.0,15.0,10.0,20.0,25.0,7.0,7.0,118,3.0,4.0,41.0,53.0,13.0,9.0,16.0,37.0,185,19.0,14.0,36.0,10.0,77.0,5.0,270,7.0,7.0,19.0,57,11.0,263.0,23.0,8.0,1.0,16.0,17.0,1.0,45.0,3.0,8.0,10.0,17.0,35.0,11.0,45.0,13.0,43.0,73,8.0,35.0,16.0,36.0,1.0,28.0,31.0,5.0,175,-1.0,15.0,25.0,17.0,10.0,14.0,9.0,22.0,5.0,40.0,24.0,60.0,37.0,39.0,20.0,18.0,12.0,13.0,78,113,39,27.0,17.0,11.0,4.0,66.0,14.0,39.0,10.0,29.0,3.0,3.0
2020/10/22,2.0,50.0,9.0,15.0,23.0,48.0,8.0,11.0,116,1.0,6.0,38.0,49.0,11.0,24.0,6.0,22.0,196,25.0,17.0,32.0,14.0,40.0,4.0,275,13.0,5.0,12.0,54,9.0,252.0,44.0,4.0,3.0,14.0,13.0,5.0,27.0,4.0,11.0,4.0,6.0,43.0,23.0,47.0,13.0,38.0,70,8.0,44.0,16.0,38.0,3.0,25.0,36.0,10.0,154,2.0,14.0,15.0,15.0,9.0,12.0,8.0,23.0,6.0,32.0,17.0,56.0,37.0,31.0,12.0,16.0,17.0,8.0,82,106,25,18.0,7.0,9.0,2.0,73.0,15.0,42.0,9.0,32.0,6.0,6.0
2020/10/23,10.0,54.0,14.0,10.0,23.0,27.0,7.0,16.0,132,6.0,9.0,39.0,41.0,11.0,17.0,15.0,13.0,214,17.0,23.0,39.0,6.0,39.0,8.0,321,22.0,4.0,13.0,60,14.0,229.0,27.0,7.0,5.0,13.0,21.0,6.0,46.0,7.0,4.0,10.0,10.0,50.0,14.0,65.0,21.0,41.0,104,8.0,38.0,25.0,42.0,5.0,34.0,41.0,1.0,215,2.0,14.0,21.0,4.0,5.0,12.0,5.0,38.0,6.0,31.0,14.0,42.0,36.0,24.0,21.0,26.0,14.0,11.0,79,93,25,37.0,11.0,13.0,5.0,67.0,9.0,51.0,14.0,36.0,4.0,4.0
2020/10/24,5.0,37.0,12.0,8.0,7.0,14.0,7.0,8.0,113,5.0,7.0,39.0,47.0,11.0,12.0,8.0,16.0,176,18.0,23.0,24.0,8.0,48.0,4.0,266,8.0,3.0,14.0,33,12.0,161.0,20.0,14.0,1.0,5.0,12.0,9.0,25.0,13.0,8.0,3.0,15.0,46.0,15.0,39.0,7.0,37.0,69,2.0,36.0,19.0,37.0,2.0,14.0,22.0,3.0,119,2.0,17.0,16.0,5.0,9.0,10.0,9.0,12.0,6.0,26.0,13.0,24.0,32.0,26.0,6.0,16.0,11.0,21.0,64,90,37,22.0,8.0,7.0,4.0,49.0,10.0,34.0,17.0,22.0,8.0,8.0
2020/10/25,1.0,59.0,10.0,9.0,9.0,26.0,11.0,9.0,82,5.0,8.0,35.0,55.0,12.0,9.0,3.0,10.0,192,11.0,18.0,40.0,9.0,30.0,7.0,287,10.0,3.0,16.0,34,11.0,165.0,21.0,8.0,2.0,11.0,19.0,4.0,20.0,5.0,7.0,6.0,13.0,34.0,16.0,45.0,11.0,34.0,67,6.0,45.0,18.0,41.0,1.0,35.0,20.0,8.0,116,4.0,13.0,9.0,4.0,9.0,13.0,2.0,15.0,2.0,31.0,12.0,32.0,31.0,19.0,16.0,24.0,17.0,20.0,56,85,36,26.0,5.0,13.0,1.0,59.0,11.0,39.0,14.0,28.0,7.0,7.0
2020/10/26,5.0,61.0,10.0,15.0,16.0,48.0,11.0,12.0,142,4.0,11.0,66.0,87.0,19.0,28.0,17.0,18.0,249,21.0,30.0,49.0,26.0,44.0,7.0,443,23.0,3.0,20.0,63,19.0,301.0,30.0,19.0,1.0,8.0,29.0,2.0,43.0,7.0,12.0,2.0,23.0,38.0,22.0,54.0,14.0,64.0,113,15.0,62.0,14.0,59.0,6.0,40.0,47.0,3.0,246,3.0,16.0,28.0,15.0,7.0,17.0,10.0,27.0,12.0,40.0,33.0,60.0,38.0,34.0,19.0,41.0,30.0,24.0,109,151,38,53.0,16.0,15.0,5.0,94.0,14.0,60.0,18.0,45.0,5.0,5.0
2020/10/27,12.0,53.0,7.0,27.0,9.0,39.0,8.0,12.0,158,5.0,17.0,68.0,64.0,24.0,16.0,13.0,15.0,266,24.0,16.0,47.0,17.0,66.0,10.0,403,15.0,7.0,11.0,68,13.0,307.0,20.0,12.0,1.0,13.0,21.0,6.0,33.0,10.0,6.0,16.0,15.0,54.0,28.0,58.0,35.0,42.0,143,17.0,50.0,17.0,32.0,3.0,36.0,38.0,2.0,210,2.0,14.0,33.0,18.0,13.0,7.0,9.0,40.0,8.0,45.0,28.0,35.0,50.0,26.0,15.0,25.0,30.0,21.0,101,112,48,34.0,32.0,14.0,3.0,104.0,17.0,51.0,17.0,41.0,-1.0,-1.0
2020/10/28,11.0,75.0,11.0,30.0,16.0,40.0,22.0,14.0,191,5.0,13.0,72.0,60.0,17.0,21.0,13.0,26.0,306,17.0,29.0,41.0,24.0,70.0,8.0,436,19.0,3.0,23.0,77,16.0,341.0,33.0,14.0,1.0,17.0,20.0,7.0,37.0,22.0,13.0,15.0,19.0,47.0,19.0,49.0,20.0,60.0,128,14.0,68.0,25.0,58.0,10.0,33.0,45.0,1.0,243,2.0,22.0,25.0,10.0,10.0,6.0,9.0,25.0,18.0,46.0,23.0,48.0,33.0,33.0,18.0,21.0,34.0,27.0,96,148,46,34.0,32.0,8.0,2.0,90.0,13.0,66.0,19.0,48.0,2.0,2.0
2020/10/29,11.0,53.0,12.0,25.0,14.0,41.0,22.0,12.0,149,13.0,7.0,51.0,51.0,21.0,13.0,11.0,12.0,257,25.0,22.0,52.0,18.0,51.0,10.0,457,14.0,6.0,17.0,64,11.0,305.0,31.0,3.0,3.0,11.0,17.0,7.0,25.0,13.0,5.0,14.0,18.0,41.0,17.0,55.0,19.0,74.0,99,7.0,57.0,20.0,66.0,2.0,30.0,33.0,6.0,193,5.0,17.0,29.0,20.0,9.0,10.0,7.0,24.0,20.0,38.0,18.0,37.0,21.0,17.0,16.0,24.0,25.0,17.0,109,141,47,31.0,22.0,10.0,-1.0,68.0,11.0,50.0,14.0,41.0,3.0,3.0
2020/10/30,15.0,70.0,13.0,25.0,8.0,28.0,16.0,8.0,160,2.0,11.0,74.0,67.0,18.0,18.0,17.0,9.0,314,15.0,46.0,45.0,20.0,67.0,12.0,464,20.0,4.0,15.0,90,7.0,314.0,29.0,7.0,5.0,12.0,8.0,28.0,31.0,15.0,11.0,13.0,23.0,55.0,21.0,53.0,20.0,67.0,159,3.0,72.0,32.0,42.0,5.0,37.0,34.0,3.0,244,2.0,7.0,34.0,20.0,13.0,17.0,8.0,22.0,6.0,31.0,23.0,38.0,47.0,23.0,26.0,17.0,27.0,18.0,94,101,51,25.0,35.0,20.0,9.0,74.0,12.0,42.0,11.0,35.0,4.0,4.0
2020/10/31,9.0,47.0,12.0,17.0,12.0,33.0,22.0,5.0,168,7.0,13.0,52.0,52.0,18.0,17.0,15.0,19.0,269,25.0,22.0,42.0,18.0,54.0,12.0,381,23.0,8.0,22.0,57,8.0,239.0,25.0,16.0,3.0,10.0,10.0,8.0,21.0,26.0,11.0,12.0,22.0,71.0,18.0,57.0,16.0,54.0,125,9.0,62.0,28.0,32.0,5.0,29.0,37.0,2.0,206,3.0,8.0,19.0,14.0,10.0,10.0,4.0,10.0,9.0,35.0,10.0,28.0,43.0,25.0,17.0,24.0,24.0,23.0,87,127,75,42.0,25.0,7.0,3.0,76.0,14.0,45.0,23.0,36.0,10.0,10.0
2020/11/1,15.0,59.0,12.0,23.0,18.0,37.0,17.0,8.0,154,4.0,9.0,50.0,48.0,12.0,16.0,10.0,17.0,373,23.0,34.0,39.0,27.0,52.0,9.0,418,12.0,17.0,18.0,55,14.0,249.0,39.0,12.0,2.0,17.0,17.0,9.0,20.0,19.0,13.0,4.0,27.0,84.0,22.0,59.0,18.0,61.0,156,6.0,74.0,28.0,45.0,1.0,48.0,32.0,1.0,171,4.0,30.0,25.0,16.0,5.0,13.0,11.0,23.0,9.0,49.0,15.0,43.0,46.0,17.0,20.0,25.0,26.0,25.0,114,159,77,46.0,27.0,10.0,4.0,70.0,10.0,38.0,29.0,64.0,15.0,15.0
2020/11/2,12.0,105.0,21.0,51.0,18.0,59.0,38.0,20.0,221,4.0,20.0,76.0,113.0,15.0,32.0,34.0,22.0,491,34.0,27.0,91.0,55.0,74.0,18.0,684,34.0,15.0,26.0,112,16.0,437.0,41.0,28.0,4.0,21.0,16.0,11.0,28.0,26.0,14.0,19.0,19.0,104.0,30.0,86.0,42.0,102.0,228,24.0,123.0,37.0,81.0,3.0,60.0,85.0,3.0,343,11.0,16.0,44.0,18.0,29.0,17.0,14.0,34.0,14.0,61.0,37.0,47.0,50.0,42.0,38.0,35.0,49.0,45.0,202,272,112,67.0,62.0,29.0,5.0,129.0,31.0,63.0,18.0,64.0,8.0,8.0
2020/11/3,25.0,73.0,21.0,32.0,25.0,43.0,16.0,17.0,223,7.0,15.0,102.0,85.0,21.0,28.0,12.0,29.0,486,31.0,36.0,96.0,38.0,95.0,22.0,671,22.0,14.0,21.0,102,14.0,433.0,52.0,15.0,3.0,22.0,20.0,13.0,23.0,29.0,13.0,22.0,32.0,148.0,31.0,93.0,49.0,78.0,223,12.0,89.0,34.0,93.0,3.0,61.0,82.0,2.0,348,-1.0,11.0,44.0,34.0,25.0,11.0,13.0,32.0,14.0,69.0,31.0,47.0,43.0,40.0,51.0,40.0,47.0,28.0,158,260,112,69.0,40.0,16.0,6.0,130.0,26.0,67.0,27.0,58.0,7.0,7.0
2020/11/4,19.0,94.0,24.0,56.0,22.0,37.0,25.0,15.0,224,6.0,21.0,115.0,115.0,21.0,44.0,14.0,34.0,607,32.0,42.0,110.0,46.0,101.0,13.0,719,29.0,11.0,37.0,113,16.0,454.0,65.0,16.0,4.0,14.0,21.0,13.0,23.0,38.0,19.0,25.0,31.0,141.0,42.0,115.0,41.0,125.0,236,12.0,102.0,53.0,107.0,6.0,50.0,86.0,3.0,388,6.0,17.0,39.0,19.0,24.0,11.0,6.0,52.0,16.0,67.0,37.0,57.0,63.0,33.0,36.0,44.0,41.0,43.0,177,262,124,76.0,69.0,28.0,4.0,132.0,22.0,84.0,36.0,77.0,17.0,17.0
2020/11/5,17.0,91.0,22.0,58.0,22.0,43.0,35.0,15.0,197,11.0,23.0,115.0,119.0,17.0,50.0,19.0,29.0,526,28.0,28.0,82.0,87.0,105.0,16.0,710,19.0,13.0,59.0,78,13.0,465.0,45.0,17.0,6.0,20.0,10.0,52.0,18.0,40.0,11.0,16.0,29.0,134.0,34.0,94.0,34.0,155.0,234,11.0,117.0,45.0,105.0,8.0,50.0,75.0,3.0,323,10.0,17.0,62.0,24.0,29.0,8.0,8.0,36.0,11.0,60.0,27.0,55.0,51.0,30.0,39.0,37.0,60.0,38.0,199,265,136,67.0,51.0,27.0,3.0,151.0,42.0,59.0,32.0,67.0,16.0,16.0
2020/11/6,25.0,73.0,21.0,84.0,19.0,36.0,35.0,21.0,251,5.0,18.0,115.0,91.0,14.0,46.0,22.0,37.0,616,45.0,31.0,87.0,52.0,117.0,36.0,664,35.0,24.0,27.0,110,18.0,557.0,44.0,21.0,3.0,18.0,15.0,16.0,12.0,31.0,12.0,28.0,32.0,150.0,37.0,85.0,28.0,149.0,280,22.0,107.0,41.0,90.0,-1.0,59.0,89.0,4.0,420,3.0,15.0,63.0,19.0,33.0,16.0,10.0,37.0,12.0,61.0,36.0,38.0,67.0,36.0,50.0,46.0,67.0,26.0,210,250,114,82.0,51.0,29.0,2.0,132.0,48.0,49.0,29.0,56.0,30.0,30.0
2020/11/7,19.0,79.0,16.0,39.0,20.0,37.0,24.0,12.0,203,5.0,19.0,89.0,97.0,15.0,33.0,9.0,27.0,498,33.0,32.0,83.0,27.0,87.0,15.0,497,30.0,7.0,37.0,62,16.0,340.0,37.0,17.0,2.0,13.0,13.0,22.0,13.0,37.0,16.0,7.0,27.0,157.0,41.0,102.0,23.0,127.0,243,15.0,103.0,39.0,79.0,6.0,57.0,72.0,3.0,251,-1.0,20.0,54.0,9.0,28.0,13.0,16.0,23.0,21.0,62.0,24.0,39.0,70.0,31.0,22.0,34.0,37.0,31.0,127,239,93,82.0,36.0,22.0,-1.0,98.0,29.0,42.0,43.0,89.0,15.0,16.0
2020/11/8,26.0,70.0,28.0,38.0,28.0,38.0,49.0,11.0,206,8.0,12.0,84.0,99.0,13.0,25.0,7.0,24.0,576,29.0,54.0,76.0,55.0,88.0,10.0,518,30.0,14.0,20.0,69,21.0,367.0,43.0,20.0,4.0,9.0,11.0,17.0,20.0,40.0,25.0,13.0,27.0,191.0,32.0,86.0,25.0,121.0,232,17.0,90.0,49.0,76.0,2.0,64.0,47.0,4.0,274,5.0,13.0,49.0,10.0,39.0,17.0,12.0,16.0,20.0,59.0,26.0,32.0,64.0,24.0,35.0,37.0,55.0,31.0,147,207,89,69.0,32.0,20.0,5.0,112.0,11.0,21.0,29.0,79.0,25.0,25.0
2020/11/9,31.0,168.0,40.0,104.0,32.0,99.0,58.0,23.0,290,11.0,30.0,176.0,157.0,22.0,67.0,31.0,30.0,778,56.0,68.0,175.0,74.0,140.0,36.0,796,38.0,15.0,55.0,183,26.0,636.0,72.0,25.0,4.0,28.0,23.0,17.0,18.0,54.0,20.0,34.0,35.0,206.0,50.0,148.0,49.0,270.0,390,29.0,160.0,65.0,128.0,8.0,87.0,120.0,9.0,503,14.0,20.0,77.0,30.0,50.0,12.0,24.0,46.0,14.0,83.0,52.0,61.0,99.0,55.0,41.0,52.0,62.0,62.0,259,320,167,91.0,50.0,61.0,2.0,186.0,49.0,97.0,41.0,113.0,26.0,26.0
2020/11/10,27.0,156.0,47.0,86.0,23.0,60.0,64.0,25.0,260,14.0,27.0,102.0,159.0,35.0,54.0,17.0,32.0,764,52.0,56.0,161.0,53.0,131.0,44.0,881,32.0,16.0,61.0,181,27.0,571.0,56.0,21.0,6.0,26.0,24.0,18.0,8.0,70.0,16.0,29.0,53.0,241.0,52.0,171.0,36.0,195.0,354,16.0,133.0,60.0,146.0,4.0,71.0,146.0,8.0,464,11.0,27.0,70.0,26.0,32.0,14.0,22.0,85.0,19.0,104.0,46.0,48.0,83.0,41.0,40.0,42.0,59.0,36.0,288,295,168,111.0,56.0,27.0,2.0,213.0,44.0,76.0,30.0,112.0,22.0,22.0
2020/11/11,34.0,132.0,47.0,103.0,26.0,44.0,55.0,35.0,293,15.0,29.0,128.0,158.0,23.0,79.0,36.0,41.0,771,36.0,40.0,146.0,56.0,124.0,20.0,862,42.0,25.0,53.0,142,22.0,645.0,78.0,24.0,6.0,18.0,23.0,16.0,18.0,51.0,17.0,34.0,51.0,281.0,57.0,141.0,41.0,203.0,321,29.0,144.0,80.0,131.0,7.0,63.0,99.0,12.0,424,5.0,22.0,79.0,20.0,39.0,27.0,11.0,31.0,14.0,82.0,54.0,29.0,87.0,31.0,44.0,57.0,45.0,41.0,250,366,169,94.0,52.0,41.0,-1.0,183.0,63.0,48.0,39.0,102.0,24.0,24.0
2020/11/12,30.0,133.0,22.0,102.0,15.0,50.0,81.0,14.0,255,8.0,26.0,123.0,188.0,40.0,66.0,25.0,31.0,695,44.0,38.0,178.0,64.0,122.0,31.0,970,29.0,25.0,76.0,122,21.0,610.0,61.0,34.0,7.0,22.0,25.0,13.0,17.0,49.0,21.0,33.0,32.0,289.0,44.0,130.0,40.0,232.0,276,33.0,161.0,58.0,155.0,5.0,48.0,98.0,5.0,377,8.0,21.0,55.0,20.0,23.0,10.0,24.0,34.0,26.0,93.0,58.0,45.0,63.0,28.0,30.0,55.0,65.0,57.0,288,284,180,92.0,59.0,27.0,5.0,200.0,59.0,78.0,20.0,81.0,23.0,24.0
2020/11/13,34.0,110.0,40.0,83.0,17.0,41.0,52.0,27.0,301,20.0,34.0,129.0,170.0,37.0,70.0,36.0,37.0,707,51.0,41.0,122.0,69.0,124.0,22.0,913,40.0,22.0,58.0,112,32.0,635.0,53.0,26.0,6.0,18.0,21.0,17.0,13.0,37.0,19.0,51.0,52.0,259.0,39.0,170.0,49.0,232.0,308,37.0,187.0,50.0,135.0,12.0,42.0,91.0,11.0,360,7.0,20.0,94.0,12.0,31.0,25.0,16.0,21.0,17.0,91.0,49.0,37.0,60.0,43.0,41.0,53.0,79.0,42.0,266,284,164,102.0,58.0,22.0,3.0,170.0,53.0,50.0,28.0,73.0,23.0,23.0
2020/11/14,22.0,77.0,25.0,33.0,20.0,41.0,48.0,18.0,198,16.0,14.0,92.0,114.0,22.0,44.0,21.0,20.0,601,49.0,40.0,118.0,48.0,83.0,14.0,742,20.0,25.0,69.0,79,16.0,452.0,49.0,18.0,6.0,34.0,9.0,20.0,18.0,46.0,16.0,25.0,37.0,332.0,38.0,114.0,9.0,149.0,256,17.0,181.0,69.0,96.0,8.0,33.0,79.0,3.0,255,6.0,22.0,59.0,9.0,20.0,15.0,15.0,24.0,16.0,75.0,22.0,24.0,54.0,29.0,30.0,32.0,19.0,35.0,145,205,133,89.0,64.0,18.0,4.0,107.0,33.0,32.0,24.0,78.0,27.0,25.0
2020/11/15,19.0,64.0,45.0,37.0,16.0,42.0,28.0,17.0,205,10.0,21.0,107.0,109.0,17.0,30.0,15.0,34.0,601,46.0,21.0,94.0,43.0,64.0,21.0,579,24.0,22.0,39.0,81,20.0,386.0,34.0,17.0,5.0,14.0,16.0,24.0,9.0,35.0,27.0,20.0,35.0,246.0,29.0,86.0,20.0,134.0,272,15.0,149.0,48.0,111.0,11.0,42.0,54.0,11.0,233,5.0,18.0,63.0,14.0,39.0,18.0,14.0,20.0,22.0,76.0,20.0,33.0,65.0,29.0,25.0,52.0,36.0,35.0,158,205,135,79.0,43.0,24.0,6.0,110.0,31.0,34.0,33.0,91.0,17.0,17.0
2020/11/16,26.0,161.0,40.0,120.0,35.0,51.0,64.0,46.0,325,18.0,51.0,116.0,197.0,25.0,133.0,29.0,38.0,887,88.0,50.0,193.0,80.0,151.0,23.0,934,39.0,21.0,82.0,186,37.0,735.0,71.0,55.0,8.0,19.0,28.0,20.0,19.0,45.0,22.0,62.0,51.0,395.0,51.0,154.0,55.0,258.0,335,38.0,297.0,47.0,163.0,10.0,54.0,138.0,11.0,533,15.0,23.0,100.0,22.0,32.0,29.0,31.0,42.0,28.0,100.0,83.0,44.0,82.0,62.0,42.0,49.0,76.0,54.0,351,328,191,107.0,70.0,39.0,4.0,216.0,71.0,115.0,38.0,114.0,25.0,25.0
2020/11/17,25.0,118.0,49.0,71.0,29.0,40.0,47.0,36.0,322,23.0,28.0,117.0,198.0,29.0,90.0,22.0,33.0,814,77.0,40.0,174.0,71.0,162.0,17.0,934,41.0,25.0,67.0,151,28.0,645.0,71.0,37.0,9.0,37.0,22.0,15.0,18.0,35.0,22.0,37.0,34.0,256.0,54.0,122.0,51.0,245.0,396,29.0,255.0,64.0,138.0,10.0,71.0,155.0,7.0,434,11.0,36.0,84.0,14.0,29.0,22.0,27.0,46.0,20.0,96.0,43.0,22.0,100.0,42.0,60.0,40.0,88.0,42.0,343,315,170,101.0,43.0,28.0,3.0,186.0,81.0,62.0,35.0,114.0,22.0,21.0
2020/11/18,26.0,129.0,50.0,88.0,35.0,40.0,49.0,38.0,291,18.0,32.0,126.0,181.0,42.0,84.0,20.0,35.0,"1,014",69.0,31.0,172.0,63.0,163.0,15.0,973,34.0,24.0,62.0,161,36.0,653.0,44.0,34.0,10.0,20.0,20.0,18.0,14.0,60.0,42.0,61.0,44.0,350.0,41.0,122.0,60.0,228.0,321,35.0,273.0,93.0,183.0,16.0,56.0,117.0,8.0,448,10.0,19.0,74.0,22.0,33.0,20.0,27.0,81.0,23.0,88.0,26.0,28.0,65.0,50.0,47.0,49.0,39.0,70.0,280,353,166,109.0,58.0,22.0,6.0,202.0,49.0,106.0,33.0,113.0,19.0,19.0
2020/11/19,26.0,106.0,34.0,79.0,32.0,31.0,51.0,24.0,248,16.0,45.0,128.0,164.0,29.0,94.0,15.0,36.0,"1,084",73.0,39.0,151.0,56.0,161.0,17.0,"1,052",32.0,26.0,61.0,135,33.0,620.0,61.0,25.0,8.0,33.0,24.0,19.0,12.0,44.0,24.0,79.0,48.0,280.0,47.0,151.0,29.0,252.0,322,43.0,277.0,50.0,153.0,8.0,25.0,101.0,10.0,386,22.0,17.0,62.0,14.0,28.0,6.0,22.0,40.0,19.0,109.0,36.0,21.0,68.0,35.0,46.0,48.0,58.0,45.0,283,318,228,65.0,54.0,33.0,9.0,191.0,59.0,73.0,22.0,109.0,13.0,15.0
2020/11/20,34.0,106.0,45.0,66.0,48.0,47.0,32.0,43.0,316,17.0,28.0,107.0,158.0,32.0,107.0,19.0,39.0,873,77.0,35.0,141.0,74.0,99.0,23.0,924,45.0,32.0,79.0,134,24.0,535.0,66.0,28.0,7.0,17.0,31.0,18.0,8.0,38.0,26.0,54.0,46.0,164.0,41.0,150.0,36.0,230.0,401,54.0,283.0,64.0,131.0,5.0,44.0,88.0,7.0,383,7.0,17.0,81.0,13.0,28.0,22.0,26.0,92.0,19.0,98.0,25.0,29.0,93.0,36.0,54.0,46.0,41.0,46.0,320,369,185,119.0,54.0,32.0,7.0,216.0,47.0,68.0,21.0,104.0,17.0,16.0
2020/11/21,16.0,67.0,30.0,39.0,31.0,40.0,31.0,12.0,290,18.0,17.0,56.0,114.0,24.0,28.0,19.0,28.0,626,35.0,39.0,120.0,45.0,73.0,12.0,695,34.0,25.0,48.0,75,31.0,459.0,48.0,34.0,9.0,20.0,13.0,18.0,10.0,36.0,18.0,35.0,30.0,149.0,37.0,81.0,11.0,139.0,256,21.0,99.0,54.0,98.0,10.0,23.0,59.0,9.0,240,9.0,16.0,59.0,12.0,18.0,12.0,14.0,23.0,22.0,76.0,21.0,16.0,88.0,34.0,29.0,54.0,23.0,20.0,172,224,117,74.0,34.0,16.0,13.0,146.0,41.0,49.0,22.0,93.0,12.0,12.0
2020/11/22,17.0,73.0,25.0,41.0,34.0,22.0,22.0,16.0,219,12.0,13.0,72.0,102.0,27.0,29.0,15.0,23.0,980,31.0,35.0,99.0,48.0,92.0,15.0,862,28.0,15.0,41.0,77,32.0,454.0,46.0,37.0,9.0,15.0,12.0,24.0,9.0,37.0,24.0,52.0,33.0,189.0,35.0,89.0,16.0,141.0,273,20.0,130.0,41.0,94.0,8.0,17.0,46.0,3.0,223,18.0,13.0,55.0,12.0,22.0,9.0,15.0,22.0,17.0,65.0,22.0,19.0,102.0,27.0,25.0,36.0,28.0,20.0,157,290,89,74.0,43.0,12.0,8.0,134.0,13.0,34.0,16.0,71.0,18.0,16.0
2020/11/23,28.0,154.0,42.0,101.0,42.0,48.0,67.0,36.0,387,27.0,44.0,150.0,180.0,43.0,99.0,23.0,51.0,"1,185",103.0,45.0,160.0,103.0,153.0,10.0,"1,125",41.0,25.0,70.0,176,49.0,753.0,63.0,64.0,15.0,21.0,23.0,40.0,23.0,55.0,34.0,91.0,64.0,211.0,29.0,179.0,37.0,251.0,418,41.0,289.0,70.0,146.0,10.0,43.0,107.0,12.0,683,12.0,34.0,107.0,10.0,31.0,24.0,34.0,79.0,31.0,123.0,37.0,20.0,160.0,58.0,61.0,49.0,46.0,35.0,335,486,251,113.0,54.0,43.0,10.0,294.0,73.0,112.0,41.0,171.0,20.0,19.0
2020/11/24,19.0,131.0,41.0,65.0,48.0,42.0,43.0,45.0,389,33.0,34.0,137.0,179.0,42.0,82.0,28.0,46.0,"1,071",79.0,39.0,147.0,72.0,118.0,16.0,983,36.0,26.0,42.0,138,29.0,703.0,62.0,29.0,7.0,26.0,33.0,32.0,38.0,47.0,41.0,76.0,35.0,201.0,68.0,182.0,48.0,226.0,342,58.0,247.0,74.0,173.0,15.0,28.0,122.0,13.0,690,13.0,27.0,97.0,6.0,33.0,15.0,42.0,67.0,22.0,117.0,34.0,26.0,124.0,39.0,64.0,72.0,56.0,32.0,395,462,189,82.0,48.0,28.0,6.0,207.0,43.0,96.0,30.0,126.0,13.0,13.0
2020/11/25,9.0,125.0,36.0,46.0,46.0,48.0,86.0,46.0,394,16.0,28.0,143.0,159.0,29.0,90.0,25.0,39.0,"1,088",71.0,30.0,142.0,76.0,133.0,16.0,"1,055",33.0,19.0,98.0,139,35.0,724.0,61.0,22.0,15.0,25.0,26.0,21.0,17.0,48.0,37.0,51.0,29.0,261.0,46.0,142.0,40.0,281.0,355,62.0,309.0,74.0,161.0,17.0,30.0,106.0,8.0,515,7.0,41.0,81.0,8.0,20.0,15.0,31.0,43.0,31.0,115.0,44.0,36.0,168.0,52.0,40.0,67.0,41.0,47.0,308,443,251,72.0,51.0,14.0,10.0,228.0,40.0,92.0,30.0,125.0,19.0,22.0
2020/11/26,10.0,56.0,22.0,46.0,28.0,31.0,23.0,7.0,193,8.0,25.0,58.0,53.0,16.0,32.0,20.0,30.0,582,47.0,23.0,51.0,50.0,61.0,9.0,496,37.0,21.0,49.0,45,23.0,255.0,30.0,18.0,5.0,15.0,12.0,13.0,11.0,26.0,35.0,32.0,31.0,159.0,37.0,50.0,7.0,70.0,242,29.0,94.0,42.0,98.0,8.0,24.0,48.0,8.0,238,11.0,18.0,44.0,5.0,19.0,9.0,15.0,14.0,14.0,76.0,20.0,16.0,107.0,24.0,25.0,45.0,31.0,20.0,129,271,151,70.0,34.0,18.0,7.0,67.0,18.0,30.0,26.0,71.0,18.0,18.0
2020/11/27,21.0,88.0,43.0,86.0,37.0,37.0,67.0,27.0,278,28.0,40.0,81.0,182.0,31.0,85.0,21.0,45.0,960,66.0,32.0,160.0,61.0,135.0,20.0,"1,032",41.0,20.0,104.0,94,31.0,654.0,46.0,30.0,7.0,14.0,26.0,21.0,13.0,63.0,43.0,51.0,45.0,219.0,38.0,147.0,15.0,284.0,357,44.0,305.0,64.0,119.0,14.0,37.0,94.0,7.0,445,17.0,36.0,73.0,3.0,22.0,14.0,30.0,44.0,23.0,93.0,31.0,23.0,143.0,45.0,53.0,64.0,35.0,32.0,394,457,222,73.0,50.0,25.0,11.0,237.0,68.0,82.0,29.0,113.0,23.0,24.0
2020/11/28,8.0,81.0,41.0,43.0,29.0,32.0,44.0,17.0,259,19.0,25.0,93.0,125.0,31.0,56.0,20.0,31.0,805,57.0,45.0,128.0,65.0,86.0,12.0,761,38.0,16.0,82.0,78,40.0,480.0,61.0,22.0,9.0,11.0,24.0,12.0,11.0,47.0,37.0,27.0,37.0,147.0,40.0,124.0,11.0,179.0,372,27.0,188.0,66.0,150.0,10.0,26.0,76.0,7.0,355,12.0,33.0,64.0,5.0,18.0,15.0,23.0,36.0,24.0,93.0,25.0,20.0,80.0,51.0,43.0,68.0,36.0,29.0,266,284,139,74.0,34.0,19.0,9.0,158.0,48.0,48.0,29.0,97.0,21.0,17.0
2020/11/29,12.0,97.0,42.0,42.0,31.0,22.0,28.0,17.0,251,20.0,20.0,66.0,119.0,32.0,45.0,23.0,28.0,820,54.0,43.0,123.0,49.0,80.0,20.0,716,33.0,29.0,69.0,98,31.0,490.0,46.0,12.0,12.0,32.0,21.0,25.0,17.0,49.0,41.0,39.0,28.0,114.0,36.0,99.0,8.0,187.0,293,29.0,181.0,32.0,160.0,15.0,23.0,57.0,15.0,337,10.0,20.0,80.0,9.0,20.0,18.0,24.0,27.0,14.0,91.0,15.0,24.0,95.0,56.0,39.0,71.0,41.0,29.0,271,280,138,52.0,37.0,19.0,16.0,171.0,28.0,58.0,26.0,82.0,23.0,21.0
2020/11/30,20.0,137.0,48.0,118.0,47.0,46.0,73.0,57.0,453,20.0,37.0,138.0,232.0,41.0,141.0,26.0,74.0,"1,248",74.0,41.0,215.0,82.0,180.0,37.0,"1,118",62.0,30.0,85.0,149,38.0,930.0,105.0,31.0,14.0,21.0,44.0,27.0,33.0,57.0,54.0,108.0,45.0,220.0,62.0,206.0,58.0,387.0,426,53.0,431.0,86.0,210.0,17.0,38.0,152.0,16.0,682,26.0,35.0,140.0,19.0,28.0,32.0,54.0,56.0,32.0,116.0,49.0,41.0,205.0,60.0,73.0,76.0,51.0,74.0,491,516,325,96.0,59.0,30.0,16.0,323.0,105.0,127.0,68.0,139.0,21.0,21.0
2020/12/1,25.0,111.0,78.0,41.0,49.0,34.0,54.0,44.0,461,16.0,41.0,150.0,211.0,32.0,121.0,26.0,37.0,938,94.0,40.0,192.0,61.0,157.0,33.0,"1,181",49.0,40.0,68.0,169,34.0,815.0,83.0,25.0,12.0,19.0,34.0,22.0,14.0,86.0,44.0,86.0,42.0,158.0,62.0,197.0,43.0,270.0,450,43.0,277.0,72.0,137.0,26.0,25.0,166.0,10.0,668,12.0,37.0,86.0,11.0,29.0,22.0,43.0,78.0,24.0,153.0,35.0,29.0,213.0,44.0,74.0,65.0,49.0,44.0,482,482,234,104.0,88.0,27.0,14.0,292.0,63.0,94.0,47.0,100.0,32.0,33.0
2020/12/2,25.0,99.0,46.0,84.0,37.0,27.0,47.0,44.0,466,10.0,29.0,151.0,177.0,47.0,99.0,29.0,23.0,997,63.0,39.0,171.0,64.0,156.0,27.0,"1,048",50.0,33.0,53.0,162,29.0,741.0,79.0,17.0,19.0,19.0,46.0,19.0,18.0,42.0,54.0,80.0,49.0,165.0,55.0,164.0,49.0,311.0,336,53.0,300.0,53.0,175.0,18.0,23.0,124.0,16.0,528,19.0,26.0,132.0,21.0,19.0,13.0,51.0,51.0,12.0,132.0,24.0,32.0,117.0,61.0,55.0,75.0,52.0,42.0,374,504,152,81.0,42.0,16.0,10.0,225.0,65.0,73.0,27.0,113.0,25.0,25.0
2020/12/3,22.0,107.0,44.0,84.0,42.0,31.0,43.0,48.0,356,17.0,28.0,143.0,183.0,35.0,75.0,15.0,33.0,"1,101",70.0,33.0,181.0,69.0,132.0,27.0,"1,021",43.0,29.0,50.0,127,31.0,741.0,82.0,26.0,8.0,26.0,44.0,14.0,21.0,44.0,53.0,72.0,49.0,186.0,46.0,169.0,37.0,312.0,341,52.0,262.0,75.0,143.0,13.0,29.0,104.0,10.0,482,14.0,20.0,98.0,14.0,28.0,13.0,34.0,35.0,16.0,169.0,32.0,37.0,111.0,69.0,53.0,68.0,57.0,51.0,433,448,196,81.0,40.0,25.0,12.0,250.0,66.0,91.0,23.0,99.0,29.0,28.0
2020/12/4,18.0,105.0,41.0,43.0,29.0,40.0,44.0,56.0,326,21.0,20.0,127.0,162.0,37.0,96.0,24.0,44.0,"1,020",51.0,43.0,167.0,74.0,127.0,35.0,"1,048",50.0,28.0,64.0,171,49.0,698.0,66.0,16.0,11.0,28.0,29.0,28.0,16.0,63.0,40.0,93.0,44.0,177.0,58.0,140.0,39.0,250.0,339,53.0,220.0,59.0,157.0,13.0,36.0,109.0,9.0,505,19.0,25.0,123.0,10.0,36.0,20.0,37.0,51.0,21.0,116.0,37.0,32.0,129.0,74.0,67.0,88.0,47.0,42.0,444,791,164,93.0,37.0,17.0,8.0,226.0,54.0,86.0,38.0,96.0,24.0,24.0
2020/12/5,25.0,72.0,51.0,47.0,24.0,20.0,31.0,31.0,266,17.0,14.0,79.0,117.0,28.0,51.0,22.0,33.0,854,33.0,31.0,129.0,55.0,100.0,23.0,760,30.0,22.0,55.0,96,31.0,539.0,48.0,14.0,11.0,18.0,15.0,23.0,14.0,48.0,26.0,46.0,33.0,139.0,41.0,122.0,19.0,141.0,250,21.0,143.0,44.0,110.0,21.0,27.0,56.0,12.0,332,4.0,12.0,71.0,15.0,28.0,12.0,16.0,25.0,18.0,92.0,31.0,24.0,79.0,52.0,45.0,59.0,40.0,21.0,229,424,117,75.0,42.0,20.0,6.0,151.0,40.0,51.0,43.0,105.0,23.0,23.0
2020/12/6,11.0,57.0,42.0,35.0,32.0,26.0,27.0,27.0,253,20.0,27.0,100.0,132.0,25.0,29.0,27.0,37.0,810,39.0,40.0,124.0,55.0,112.0,31.0,658,37.0,19.0,55.0,101,31.0,442.0,53.0,12.0,9.0,20.0,24.0,25.0,5.0,37.0,30.0,66.0,30.0,167.0,40.0,101.0,16.0,139.0,237,24.0,105.0,43.0,86.0,13.0,31.0,48.0,8.0,266,16.0,12.0,41.0,11.0,27.0,12.0,14.0,15.0,15.0,98.0,26.0,48.0,122.0,50.0,49.0,70.0,28.0,35.0,270,413,118,66.0,52.0,15.0,2.0,148.0,24.0,38.0,27.0,97.0,30.0,30.0
2020/12/7,16.0,126.0,43.0,82.0,37.0,39.0,55.0,72.0,371,15.0,25.0,138.0,242.0,44.0,113.0,36.0,62.0,"1,306",75.0,58.0,161.0,99.0,153.0,30.0,"1,020",54.0,46.0,74.0,174,43.0,800.0,66.0,22.0,19.0,37.0,52.0,28.0,20.0,48.0,55.0,74.0,37.0,166.0,49.0,201.0,48.0,303.0,400,42.0,309.0,63.0,195.0,16.0,27.0,102.0,14.0,616,17.0,30.0,121.0,16.0,57.0,13.0,50.0,81.0,16.0,144.0,56.0,36.0,184.0,81.0,63.0,68.0,53.0,53.0,422,518,261,101.0,58.0,31.0,11.0,297.0,82.0,121.0,70.0,134.0,30.0,29.0
2020/12/8,26.0,98.0,46.0,50.0,36.0,42.0,51.0,62.0,379,16.0,33.0,121.0,206.0,54.0,82.0,30.0,32.0,"1,148",49.0,40.0,176.0,78.0,168.0,30.0,988,49.0,29.0,57.0,146,27.0,750.0,56.0,17.0,14.0,20.0,48.0,22.0,14.0,45.0,39.0,91.0,47.0,137.0,38.0,167.0,34.0,308.0,371,31.0,245.0,64.0,155.0,21.0,28.0,143.0,6.0,464,9.0,32.0,109.0,12.0,36.0,20.0,27.0,68.0,13.0,148.0,28.0,28.0,154.0,68.0,72.0,81.0,51.0,54.0,446,486,164,96.0,45.0,18.0,7.0,259.0,63.0,87.0,31.0,106.0,28.0,29.0
2020/12/9,13.0,97.0,45.0,49.0,36.0,25.0,44.0,48.0,358,17.0,21.0,114.0,172.0,40.0,62.0,26.0,41.0,"1,188",55.0,40.0,220.0,66.0,147.0,35.0,948,50.0,33.0,60.0,130,36.0,659.0,47.0,15.0,15.0,23.0,37.0,29.0,13.0,39.0,36.0,78.0,17.0,137.0,34.0,133.0,31.0,210.0,392,40.0,212.0,94.0,126.0,14.0,20.0,101.0,10.0,480,14.0,32.0,124.0,9.0,39.0,13.0,27.0,76.0,7.0,142.0,29.0,29.0,104.0,54.0,72.0,87.0,48.0,52.0,436,394,129,85.0,50.0,19.0,10.0,229.0,75.0,71.0,45.0,117.0,31.0,30.0
2020/12/10,26.0,97.0,39.0,67.0,22.0,28.0,40.0,48.0,280,13.0,25.0,119.0,182.0,33.0,76.0,27.0,40.0,"1,093",38.0,50.0,172.0,70.0,102.0,34.0,863,33.0,31.0,46.0,127,19.0,651.0,47.0,14.0,14.0,20.0,43.0,17.0,8.0,48.0,25.0,64.0,29.0,155.0,38.0,126.0,25.0,261.0,354,34.0,193.0,41.0,115.0,9.0,30.0,71.0,24.0,423,14.0,28.0,79.0,9.0,30.0,17.0,27.0,65.0,17.0,112.0,38.0,20.0,102.0,57.0,40.0,65.0,56.0,38.0,348,406,155,85.0,33.0,17.0,5.0,206.0,46.0,73.0,43.0,111.0,26.0,30.0
2020/12/11,14.0,104.0,49.0,51.0,29.0,16.0,40.0,47.0,318,19.0,24.0,85.0,194.0,39.0,74.0,26.0,32.0,959,27.0,32.0,153.0,65.0,131.0,18.0,798,43.0,35.0,44.0,128,27.0,593.0,77.0,19.0,26.0,24.0,34.0,13.0,10.0,46.0,23.0,57.0,39.0,140.0,29.0,133.0,30.0,224.0,290,41.0,164.0,75.0,116.0,7.0,19.0,76.0,9.0,409,5.0,18.0,91.0,9.0,38.0,9.0,23.0,45.0,18.0,114.0,32.0,30.0,90.0,60.0,42.0,60.0,52.0,48.0,325,391,124,80.0,25.0,18.0,5.0,192.0,44.0,82.0,41.0,106.0,26.0,27.0
2020/12/12,13.0,65.0,37.0,34.0,20.0,22.0,22.0,21.0,253,9.0,16.0,66.0,155.0,36.0,33.0,21.0,38.0,723,20.0,32.0,144.0,58.0,107.0,25.0,741,42.0,30.0,39.0,87,26.0,489.0,41.0,23.0,11.0,17.0,23.0,27.0,10.0,41.0,28.0,34.0,32.0,136.0,32.0,103.0,14.0,154.0,226,22.0,94.0,40.0,97.0,9.0,17.0,50.0,11.0,329,9.0,18.0,62.0,12.0,31.0,15.0,23.0,47.0,10.0,73.0,18.0,16.0,73.0,35.0,29.0,43.0,26.0,31.0,196,285,96,68.0,41.0,27.0,7.0,136.0,40.0,49.0,22.0,86.0,27.0,22.0
2020/12/13,15.0,72.0,34.0,46.0,24.0,27.0,33.0,19.0,225,15.0,12.0,49.0,112.0,31.0,69.0,27.0,33.0,724,31.0,27.0,116.0,60.0,98.0,16.0,644,43.0,25.0,33.0,65,18.0,397.0,34.0,13.0,9.0,22.0,24.0,11.0,10.0,38.0,20.0,42.0,20.0,141.0,21.0,83.0,13.0,125.0,187,16.0,116.0,53.0,68.0,6.0,15.0,48.0,10.0,261,7.0,21.0,71.0,8.0,26.0,10.0,13.0,27.0,7.0,60.0,25.0,24.0,102.0,56.0,35.0,39.0,30.0,27.0,170,257,92,44.0,24.0,14.0,5.0,114.0,35.0,43.0,44.0,96.0,33.0,33.0
2020/12/14,17.0,118.0,48.0,69.0,35.0,51.0,42.0,52.0,366,32.0,23.0,160.0,226.0,38.0,105.0,33.0,49.0,"1,139",55.0,41.0,154.0,93.0,120.0,24.0,"1,016",41.0,28.0,69.0,163,40.0,736.0,72.0,30.0,43.0,29.0,35.0,16.0,14.0,56.0,27.0,91.0,64.0,161.0,52.0,149.0,37.0,264.0,317,51.0,206.0,52.0,117.0,17.0,27.0,94.0,15.0,537,12.0,36.0,105.0,28.0,40.0,9.0,47.0,72.0,26.0,138.0,32.0,40.0,215.0,78.0,62.0,68.0,72.0,33.0,374,453,204,92.0,40.0,23.0,4.0,258.0,65.0,77.0,42.0,105.0,22.0,24.0
2020/12/15,11.0,103.0,48.0,36.0,34.0,32.0,37.0,41.0,314,21.0,21.0,104.0,216.0,35.0,53.0,24.0,42.0,"1,052",35.0,26.0,157.0,58.0,146.0,21.0,838,42.0,25.0,58.0,122,17.0,702.0,68.0,18.0,9.0,25.0,30.0,16.0,10.0,63.0,35.0,51.0,46.0,128.0,29.0,136.0,48.0,227.0,272,34.0,189.0,47.0,121.0,7.0,17.0,97.0,7.0,454,6.0,22.0,74.0,7.0,33.0,15.0,30.0,59.0,18.0,104.0,32.0,23.0,89.0,68.0,56.0,68.0,45.0,46.0,331,456,121,97.0,45.0,15.0,2.0,257.0,35.0,62.0,24.0,91.0,24.0,24.0
2020/12/16,11.0,76.0,29.0,42.0,18.0,35.0,35.0,52.0,265,12.0,18.0,83.0,163.0,16.0,39.0,28.0,25.0,865,40.0,35.0,139.0,68.0,114.0,14.0,780,45.0,25.0,39.0,96,44.0,587.0,47.0,23.0,10.0,24.0,35.0,17.0,5.0,48.0,39.0,59.0,41.0,121.0,30.0,114.0,19.0,194.0,266,25.0,189.0,54.0,128.0,12.0,15.0,71.0,8.0,386,4.0,31.0,68.0,11.0,36.0,12.0,27.0,65.0,14.0,60.0,36.0,18.0,75.0,61.0,47.0,62.0,38.0,33.0,265,397,119,53.0,47.0,18.0,5.0,184.0,48.0,65.0,32.0,80.0,28.0,29.0
2020/12/17,13.0,104.0,32.0,71.0,20.0,42.0,50.0,40.0,255,17.0,17.0,87.0,185.0,31.0,53.0,15.0,18.0,863,42.0,28.0,133.0,73.0,103.0,22.0,761,28.0,14.0,31.0,103,13.0,528.0,56.0,11.0,13.0,13.0,27.0,10.0,14.0,36.0,24.0,51.0,22.0,186.0,40.0,136.0,13.0,194.0,242,29.0,182.0,36.0,127.0,14.0,21.0,86.0,15.0,329,2.0,21.0,56.0,6.0,22.0,7.0,32.0,67.0,15.0,78.0,28.0,10.0,107.0,57.0,75.0,69.0,35.0,30.0,186,348,74,57.0,33.0,23.0,8.0,205.0,49.0,71.0,32.0,67.0,23.0,23.0
2020/12/18,17.0,98.0,50.0,54.0,23.0,29.0,41.0,39.0,261,12.0,32.0,73.0,144.0,35.0,63.0,24.0,40.0,927,52.0,29.0,145.0,51.0,140.0,26.0,845,51.0,9.0,50.0,108,24.0,538.0,57.0,13.0,9.0,18.0,33.0,12.0,10.0,54.0,19.0,54.0,44.0,158.0,33.0,118.0,20.0,178.0,282,25.0,174.0,41.0,154.0,9.0,14.0,88.0,8.0,341,9.0,27.0,80.0,11.0,40.0,10.0,29.0,82.0,19.0,92.0,34.0,23.0,74.0,57.0,49.0,55.0,41.0,45.0,215,407,101,61.0,29.0,19.0,7.0,177.0,39.0,56.0,31.0,85.0,30.0,34.0
2020/12/19,6.0,61.0,30.0,40.0,15.0,18.0,32.0,16.0,197,12.0,9.0,49.0,139.0,24.0,38.0,15.0,22.0,576,33.0,30.0,104.0,51.0,80.0,16.0,561,35.0,21.0,20.0,79,29.0,386.0,44.0,11.0,7.0,20.0,13.0,16.0,3.0,32.0,18.0,31.0,28.0,87.0,31.0,65.0,21.0,115.0,180,13.0,71.0,30.0,93.0,4.0,4.0,50.0,11.0,271,7.0,14.0,73.0,3.0,24.0,7.0,23.0,31.0,9.0,55.0,28.0,18.0,74.0,37.0,33.0,30.0,27.0,28.0,121,264,69,72.0,35.0,20.0,3.0,136.0,29.0,27.0,18.0,77.0,19.0,17.0
2020/12/20,10.0,50.0,43.0,45.0,15.0,25.0,39.0,24.0,216,13.0,28.0,58.0,129.0,20.0,30.0,17.0,30.0,547,33.0,20.0,111.0,68.0,78.0,20.0,635,33.0,17.0,36.0,61,27.0,349.0,50.0,18.0,12.0,19.0,19.0,13.0,5.0,42.0,17.0,22.0,23.0,110.0,35.0,83.0,7.0,131.0,176,19.0,66.0,39.0,95.0,8.0,15.0,48.0,14.0,245,3.0,17.0,68.0,7.0,21.0,5.0,21.0,32.0,11.0,58.0,17.0,16.0,77.0,43.0,26.0,29.0,32.0,36.0,203,256,70,37.0,37.0,16.0,7.0,138.0,26.0,21.0,30.0,60.0,12.0,11.0
2020/12/21,26.0,72.0,41.0,72.0,38.0,44.0,73.0,34.0,313,20.0,27.0,99.0,222.0,38.0,104.0,26.0,34.0,997,54.0,27.0,160.0,100.0,113.0,32.0,962,39.0,20.0,47.0,136,54.0,650.0,66.0,17.0,20.0,17.0,40.0,13.0,14.0,54.0,31.0,87.0,54.0,190.0,54.0,146.0,35.0,268.0,282,40.0,194.0,50.0,119.0,9.0,21.0,123.0,10.0,437,4.0,34.0,94.0,8.0,32.0,14.0,31.0,71.0,17.0,75.0,30.0,17.0,134.0,55.0,78.0,76.0,33.0,36.0,229,410,114,73.0,45.0,10.0,9.0,256.0,59.0,57.0,36.0,112.0,27.0,33.0
2020/12/22,18.0,69.0,26.0,41.0,36.0,31.0,24.0,47.0,256,10.0,25.0,84.0,176.0,33.0,71.0,15.0,27.0,877,34.0,17.0,155.0,78.0,115.0,17.0,866,23.0,13.0,34.0,82,17.0,543.0,51.0,19.0,13.0,20.0,26.0,22.0,26.0,35.0,25.0,52.0,28.0,125.0,48.0,134.0,28.0,199.0,208,34.0,134.0,35.0,105.0,9.0,9.0,94.0,11.0,368,2.0,15.0,83.0,10.0,33.0,10.0,18.0,83.0,17.0,72.0,21.0,13.0,116.0,43.0,33.0,59.0,45.0,39.0,217,363,103,48.0,46.0,11.0,5.0,194.0,42.0,66.0,20.0,86.0,30.0,24.0
2020/12/23,16.0,73.0,38.0,53.0,21.0,40.0,41.0,48.0,221,14.0,27.0,73.0,176.0,27.0,68.0,19.0,24.0,821,30.0,24.0,174.0,59.0,118.0,32.0,810,24.0,26.0,30.0,88,16.0,479.0,52.0,23.0,14.0,19.0,21.0,8.0,14.0,49.0,30.0,40.0,41.0,175.0,43.0,109.0,28.0,204.0,255,30.0,122.0,33.0,114.0,9.0,26.0,116.0,11.0,353,6.0,24.0,83.0,5.0,27.0,11.0,14.0,60.0,14.0,98.0,22.0,22.0,101.0,65.0,45.0,56.0,27.0,48.0,236,330,78,55.0,47.0,17.0,4.0,208.0,48.0,60.0,20.0,80.0,20.0,19.0
2020/12/24,17.0,66.0,33.0,24.0,19.0,21.0,37.0,16.0,188,12.0,23.0,81.0,125.0,23.0,29.0,14.0,29.0,614,18.0,13.0,114.0,53.0,103.0,20.0,698,43.0,20.0,47.0,67,14.0,396.0,45.0,19.0,11.0,22.0,9.0,9.0,24.0,36.0,9.0,19.0,26.0,151.0,31.0,93.0,18.0,157.0,166,26.0,84.0,31.0,65.0,11.0,23.0,53.0,8.0,258,4.0,23.0,63.0,5.0,23.0,6.0,11.0,38.0,12.0,65.0,27.0,19.0,75.0,37.0,28.0,50.0,31.0,30.0,212,276,57,44.0,44.0,17.0,7.0,132.0,32.0,54.0,13.0,68.0,20.0,20.0
2020/12/25,9.0,52.0,28.0,5.0,20.0,18.0,32.0,6.0,133,15.0,11.0,39.0,69.0,13.0,16.0,13.0,20.0,305,6.0,19.0,47.0,47.0,64.0,14.0,342,19.0,13.0,25.0,14,15.0,193.0,34.0,10.0,6.0,10.0,11.0,4.0,5.0,26.0,16.0,10.0,28.0,103.0,14.0,31.0,15.0,37.0,78,17.0,28.0,22.0,63.0,3.0,28.0,15.0,10.0,177,6.0,7.0,62.0,6.0,19.0,9.0,12.0,6.0,7.0,35.0,17.0,17.0,35.0,23.0,23.0,47.0,22.0,14.0,138,216,46,30.0,30.0,15.0,5.0,55.0,14.0,21.0,20.0,61.0,16.0,15.0
2020/12/26,16.0,44.0,40.0,41.0,35.0,26.0,31.0,19.0,214,18.0,19.0,62.0,142.0,32.0,50.0,24.0,46.0,608,17.0,20.0,152.0,66.0,116.0,21.0,735,35.0,18.0,41.0,91,21.0,414.0,49.0,22.0,11.0,18.0,27.0,12.0,9.0,36.0,15.0,41.0,40.0,124.0,18.0,98.0,10.0,177.0,169,15.0,99.0,40.0,84.0,18.0,13.0,59.0,17.0,306,7.0,16.0,81.0,14.0,17.0,7.0,17.0,43.0,14.0,84.0,22.0,17.0,48.0,45.0,47.0,50.0,29.0,23.0,197,284,90,47.0,47.0,17.0,8.0,153.0,31.0,31.0,22.0,86.0,19.0,19.0
2020/12/27,19.0,80.0,35.0,37.0,16.0,27.0,58.0,24.0,223,11.0,27.0,62.0,114.0,23.0,34.0,19.0,33.0,634,12.0,43.0,143.0,72.0,100.0,40.0,654,32.0,32.0,39.0,69,16.0,445.0,60.0,14.0,9.0,14.0,21.0,17.0,4.0,35.0,22.0,37.0,24.0,130.0,52.0,96.0,8.0,171.0,160,18.0,102.0,37.0,88.0,21.0,20.0,39.0,5.0,311,5.0,17.0,63.0,7.0,31.0,11.0,28.0,33.0,23.0,79.0,7.0,20.0,73.0,53.0,37.0,62.0,39.0,24.0,141,222,69,46.0,47.0,15.0,5.0,163.0,28.0,22.0,23.0,89.0,16.0,16.0
2020/12/28,18.0,105.0,50.0,60.0,44.0,44.0,54.0,47.0,346,36.0,50.0,132.0,242.0,27.0,72.0,30.0,35.0,"1,017",52.0,37.0,172.0,70.0,169.0,21.0,"1,060",38.0,25.0,42.0,174,26.0,749.0,57.0,15.0,19.0,26.0,33.0,22.0,32.0,58.0,26.0,66.0,73.0,190.0,75.0,190.0,43.0,317.0,366,34.0,230.0,49.0,144.0,12.0,28.0,130.0,18.0,553,10.0,34.0,98.0,11.0,42.0,26.0,43.0,85.0,17.0,122.0,39.0,32.0,127.0,70.0,62.0,84.0,48.0,63.0,264,339,123,80.0,43.0,16.0,8.0,280.0,58.0,94.0,34.0,124.0,21.0,24.0
2020/12/29,12.0,88.0,26.0,54.0,22.0,37.0,46.0,47.0,241,21.0,28.0,105.0,261.0,32.0,61.0,18.0,38.0,944,20.0,24.0,172.0,59.0,168.0,33.0,956,28.0,21.0,43.0,151,22.0,635.0,48.0,14.0,9.0,20.0,26.0,16.0,13.0,30.0,29.0,62.0,33.0,152.0,63.0,147.0,42.0,248.0,293,34.0,216.0,43.0,162.0,7.0,21.0,88.0,20.0,380,10.0,24.0,67.0,14.0,30.0,15.0,22.0,84.0,19.0,80.0,23.0,31.0,99.0,68.0,50.0,76.0,62.0,40.0,249,314,113,47.0,56.0,21.0,6.0,267.0,60.0,69.0,22.0,101.0,42.0,42.0
2020/12/30,22.0,62.0,46.0,44.0,30.0,26.0,68.0,52.0,305,21.0,32.0,112.0,194.0,41.0,61.0,12.0,32.0,840,40.0,24.0,173.0,51.0,137.0,34.0,960,25.0,28.0,50.0,140,33.0,657.0,49.0,17.0,13.0,23.0,40.0,9.0,15.0,52.0,34.0,50.0,47.0,162.0,65.0,132.0,41.0,283.0,335,38.0,183.0,47.0,124.0,10.0,23.0,92.0,19.0,402,9.0,24.0,76.0,8.0,36.0,20.0,30.0,80.0,10.0,108.0,25.0,27.0,102.0,61.0,46.0,63.0,36.0,43.0,312,350,102,82.0,46.0,16.0,5.0,245.0,42.0,71.0,18.0,135.0,14.0,14.0
2020/12/31,15.0,77.0,46.0,48.0,28.0,30.0,48.0,39.0,265,15.0,31.0,114.0,181.0,18.0,42.0,22.0,40.0,755,17.0,26.0,181.0,47.0,129.0,31.0,844,21.0,5.0,46.0,124,15.0,543.0,45.0,25.0,13.0,15.0,42.0,18.0,18.0,47.0,42.0,32.0,38.0,216.0,62.0,139.0,27.0,210.0,284,40.0,122.0,43.0,109.0,6.0,20.0,75.0,16.0,346,5.0,18.0,67.0,10.0,26.0,15.0,18.0,58.0,10.0,96.0,24.0,15.0,72.0,49.0,33.0,54.0,35.0,32.0,295,292,76,60.0,52.0,20.0,7.0,168.0,41.0,63.0,28.0,89.0,21.0,22.0
2021/1/1,18.0,45.0,18.0,37.0,29.0,32.0,44.0,16.0,166,21.0,23.0,52.0,97.0,22.0,31.0,22.0,29.0,424,10.0,19.0,93.0,46.0,97.0,28.0,501,26.0,10.0,28.0,53,20.0,303.0,44.0,17.0,15.0,18.0,21.0,5.0,9.0,37.0,24.0,33.0,26.0,114.0,27.0,55.0,23.0,87.0,148,17.0,65.0,26.0,71.0,6.0,19.0,38.0,14.0,265,5.0,27.0,87.0,17.0,25.0,12.0,13.0,26.0,16.0,78.0,26.0,20.0,71.0,40.0,29.0,40.0,42.0,21.0,152,268,66,50.0,30.0,13.0,6.0,100.0,20.0,28.0,28.0,103.0,17.0,16.0
2021/1/2,16.0,93.0,33.0,58.0,24.0,17.0,81.0,37.0,229,21.0,23.0,99.0,151.0,37.0,40.0,14.0,27.0,670,19.0,21.0,134.0,59.0,95.0,25.0,814,34.0,21.0,40.0,98,39.0,481.0,40.0,21.0,8.0,20.0,25.0,21.0,17.0,36.0,23.0,45.0,32.0,139.0,40.0,155.0,37.0,203.0,296,32.0,127.0,36.0,79.0,10.0,20.0,59.0,19.0,362,6.0,33.0,67.0,11.0,22.0,16.0,22.0,35.0,17.0,87.0,14.0,19.0,71.0,35.0,37.0,61.0,34.0,57.0,263,291,90,44.0,41.0,20.0,21.0,177.0,54.0,55.0,28.0,96.0,19.0,19.0
2021/1/3,25.0,71.0,21.0,27.0,30.0,22.0,49.0,22.0,215,27.0,39.0,63.0,152.0,22.0,46.0,16.0,23.0,555,21.0,23.0,123.0,59.0,105.0,28.0,688,26.0,14.0,50.0,95,27.0,424.0,51.0,12.0,12.0,14.0,24.0,19.0,12.0,42.0,21.0,35.0,23.0,145.0,43.0,111.0,23.0,187.0,215,26.0,76.0,31.0,94.0,20.0,20.0,45.0,18.0,321,10.0,17.0,67.0,9.0,23.0,9.0,14.0,37.0,15.0,89.0,26.0,18.0,76.0,47.0,49.0,49.0,29.0,33.0,192,255,82,54.0,33.0,13.0,12.0,164.0,30.0,48.0,31.0,120.0,21.0,21.0
2021/1/4,18.0,116.0,47.0,61.0,49.0,50.0,86.0,75.0,302,25.0,47.0,158.0,308.0,35.0,79.0,15.0,44.0,969,48.0,24.0,241.0,76.0,157.0,34.0,"1,066",30.0,15.0,70.0,184,47.0,779.0,52.0,19.0,19.0,26.0,55.0,9.0,22.0,45.0,36.0,62.0,38.0,191.0,74.0,205.0,68.0,309.0,412,42.0,162.0,45.0,163.0,14.0,26.0,120.0,20.0,574,9.0,26.0,102.0,10.0,37.0,22.0,31.0,81.0,16.0,102.0,31.0,35.0,96.0,78.0,70.0,59.0,56.0,98.0,419,340,125,64.0,65.0,25.0,12.0,290.0,53.0,86.0,35.0,138.0,26.0,27.0
2021/1/5,22.0,71.0,38.0,38.0,33.0,40.0,59.0,49.0,281,31.0,37.0,104.0,257.0,28.0,56.0,16.0,34.0,782,24.0,31.0,216.0,73.0,143.0,27.0,872,30.0,7.0,50.0,130,21.0,675.0,44.0,12.0,10.0,27.0,45.0,13.0,13.0,54.0,18.0,38.0,39.0,132.0,45.0,155.0,58.0,222.0,338,24.0,131.0,36.0,126.0,13.0,24.0,96.0,5.0,419,2.0,27.0,77.0,5.0,32.0,9.0,22.0,94.0,12.0,109.0,25.0,25.0,76.0,55.0,45.0,52.0,53.0,56.0,321,294,95,60.0,58.0,17.0,6.0,256.0,46.0,65.0,21.0,103.0,19.0,19.0
2021/1/6,29.0,73.0,30.0,59.0,24.0,24.0,41.0,47.0,238,17.0,26.0,101.0,239.0,35.0,48.0,19.0,30.0,791,34.0,27.0,176.0,88.0,136.0,23.0,865,30.0,10.0,39.0,122,31.0,475.0,40.0,14.0,12.0,18.0,22.0,15.0,9.0,57.0,19.0,36.0,30.0,150.0,46.0,134.0,35.0,184.0,316,32.0,122.0,29.0,118.0,12.0,20.0,101.0,8.0,346,3.0,26.0,67.0,16.0,29.0,6.0,25.0,48.0,7.0,101.0,22.0,27.0,97.0,36.0,46.0,46.0,46.0,40.0,246,327,87,39.0,39.0,21.0,8.0,205.0,36.0,46.0,24.0,95.0,15.0,15.0
2021/1/7,16.0,76.0,41.0,29.0,49.0,24.0,50.0,29.0,200,12.0,22.0,96.0,178.0,17.0,43.0,13.0,30.0,601,18.0,25.0,137.0,60.0,120.0,21.0,708,35.0,12.0,45.0,91,12.0,476.0,37.0,12.0,4.0,22.0,39.0,15.0,8.0,41.0,22.0,23.0,24.0,162.0,67.0,99.0,37.0,136.0,204,20.0,99.0,37.0,91.0,7.0,22.0,76.0,11.0,327,11.0,24.0,72.0,3.0,15.0,11.0,20.0,29.0,16.0,99.0,31.0,21.0,68.0,41.0,34.0,53.0,39.0,29.0,181,332,66,40.0,34.0,11.0,7.0,176.0,28.0,62.0,16.0,89.0,14.0,14.0
2021/1/8,12.0,53.0,26.0,21.0,23.0,33.0,45.0,24.0,182,17.0,21.0,76.0,150.0,28.0,27.0,10.0,26.0,548,20.0,30.0,117.0,57.0,117.0,16.0,718,22.0,15.0,25.0,62,23.0,402.0,36.0,22.0,9.0,16.0,18.0,13.0,12.0,31.0,40.0,23.0,47.0,114.0,34.0,86.0,44.0,85.0,236,19.0,97.0,32.0,78.0,8.0,26.0,29.0,12.0,259,12.0,18.0,77.0,11.0,24.0,7.0,18.0,25.0,9.0,78.0,30.0,23.0,68.0,30.0,39.0,41.0,44.0,31.0,163,333,98,52.0,29.0,8.0,12.0,136.0,40.0,52.0,21.0,75.0,15.0,15.0
2021/1/9,9.0,54.0,36.0,15.0,26.0,28.0,38.0,7.0,130,18.0,9.0,61.0,119.0,13.0,22.0,11.0,27.0,411,13.0,22.0,71.0,40.0,110.0,16.0,557,32.0,8.0,31.0,45,16.0,281.0,28.0,20.0,4.0,8.0,19.0,17.0,15.0,43.0,16.0,11.0,18.0,131.0,31.0,62.0,14.0,95.0,164,14.0,58.0,29.0,69.0,8.0,18.0,17.0,12.0,279,8.0,22.0,43.0,3.0,19.0,10.0,15.0,14.0,16.0,68.0,16.0,18.0,39.0,34.0,22.0,67.0,22.0,18.0,125,281,43,44.0,30.0,12.0,6.0,78.0,16.0,49.0,15.0,84.0,8.0,7.0
2021/1/10,9.0,53.0,32.0,40.0,24.0,23.0,31.0,29.0,169,20.0,23.0,74.0,132.0,19.0,46.0,9.0,26.0,712,7.0,13.0,115.0,46.0,115.0,24.0,703,18.0,7.0,47.0,98,16.0,471.0,27.0,11.0,5.0,17.0,26.0,11.0,6.0,38.0,17.0,17.0,22.0,144.0,27.0,112.0,15.0,201.0,268,17.0,99.0,25.0,75.0,15.0,13.0,66.0,7.0,262,9.0,19.0,62.0,4.0,20.0,12.0,15.0,47.0,13.0,77.0,12.0,19.0,78.0,41.0,26.0,43.0,27.0,24.0,199,245,72,57.0,39.0,5.0,9.0,183.0,32.0,22.0,16.0,75.0,7.0,7.0
2021/1/11,22.0,74.0,44.0,38.0,43.0,18.0,47.0,29.0,275,26.0,32.0,114.0,187.0,26.0,81.0,19.0,26.0,714,24.0,24.0,135.0,51.0,117.0,24.0,748,34.0,6.0,51.0,117,18.0,603.0,45.0,13.0,10.0,22.0,36.0,11.0,9.0,39.0,20.0,29.0,32.0,144.0,52.0,154.0,25.0,167.0,312,29.0,114.0,34.0,107.0,11.0,14.0,62.0,14.0,316,14.0,24.0,74.0,7.0,35.0,13.0,17.0,52.0,12.0,96.0,22.0,20.0,96.0,45.0,28.0,52.0,40.0,30.0,299,354,110,50.0,33.0,16.0,5.0,195.0,42.0,82.0,18.0,83.0,15.0,14.0
2021/1/12,11.0,56.0,27.0,40.0,27.0,20.0,30.0,22.0,202,14.0,24.0,67.0,140.0,25.0,64.0,16.0,19.0,609,24.0,18.0,124.0,42.0,105.0,21.0,685,27.0,8.0,55.0,96,11.0,508.0,33.0,18.0,4.0,19.0,21.0,13.0,9.0,27.0,16.0,41.0,30.0,139.0,44.0,80.0,21.0,158.0,223,17.0,102.0,40.0,86.0,7.0,15.0,53.0,9.0,301,11.0,12.0,58.0,5.0,11.0,6.0,14.0,45.0,10.0,88.0,21.0,16.0,67.0,38.0,20.0,24.0,22.0,24.0,253,278,77,57.0,31.0,6.0,10.0,148.0,35.0,40.0,12.0,60.0,4.0,4.0
2021/1/13,13.0,65.0,27.0,32.0,40.0,19.0,46.0,37.0,185,7.0,31.0,75.0,161.0,13.0,64.0,18.0,25.0,629,34.0,30.0,128.0,39.0,101.0,11.0,697,23.0,15.0,42.0,133,21.0,555.0,28.0,13.0,3.0,8.0,39.0,21.0,1.0,29.0,18.0,19.0,20.0,132.0,37.0,113.0,24.0,150.0,260,30.0,100.0,31.0,124.0,8.0,18.0,57.0,8.0,299,12.0,20.0,60.0,4.0,28.0,8.0,20.0,41.0,16.0,71.0,21.0,18.0,88.0,48.0,31.0,37.0,31.0,36.0,195,309,64,52.0,35.0,12.0,8.0,177.0,52.0,44.0,10.0,75.0,9.0,9.0
2021/1/14,16.0,65.0,19.0,34.0,24.0,18.0,41.0,22.0,244,16.0,21.0,83.0,184.0,24.0,48.0,7.0,15.0,545,23.0,17.0,112.0,52.0,105.0,18.0,684,22.0,8.0,53.0,83,21.0,513.0,30.0,17.0,8.0,12.0,32.0,21.0,11.0,38.0,20.0,18.0,18.0,124.0,31.0,110.0,27.0,215.0,206,30.0,105.0,32.0,77.0,13.0,25.0,60.0,7.0,317,7.0,17.0,54.0,8.0,20.0,5.0,24.0,55.0,23.0,72.0,19.0,19.0,61.0,33.0,28.0,32.0,36.0,23.0,211,273,69,50.0,30.0,7.0,6.0,159.0,39.0,54.0,21.0,51.0,10.0,10.0
2021/1/15,25.0,53.0,32.0,31.0,23.0,14.0,42.0,27.0,239,12.0,24.0,94.0,147.0,27.0,68.0,8.0,22.0,605,34.0,24.0,105.0,44.0,114.0,25.0,679,18.0,7.0,33.0,112,14.0,538.0,23.0,5.0,5.0,18.0,30.0,18.0,17.0,34.0,14.0,67.0,32.0,101.0,38.0,122.0,33.0,157.0,216,25.0,104.0,37.0,90.0,11.0,16.0,67.0,8.0,237,9.0,21.0,53.0,5.0,20.0,6.0,21.0,59.0,18.0,81.0,26.0,24.0,65.0,48.0,33.0,32.0,17.0,22.0,245,249,74,43.0,35.0,6.0,7.0,128.0,62.0,49.0,16.0,59.0,5.0,4.0
2021/1/16,24.0,39.0,24.0,23.0,22.0,20.0,31.0,18.0,190,13.0,22.0,54.0,92.0,12.0,42.0,12.0,17.0,530,12.0,21.0,80.0,37.0,93.0,17.0,552,13.0,9.0,37.0,72,14.0,346.0,22.0,13.0,5.0,9.0,14.0,20.0,14.0,26.0,16.0,26.0,8.0,116.0,33.0,74.0,13.0,154.0,138,24.0,63.0,15.0,74.0,10.0,12.0,55.0,7.0,208,9.0,11.0,45.0,6.0,10.0,1.0,13.0,43.0,17.0,61.0,14.0,11.0,43.0,35.0,26.0,38.0,17.0,13.0,192,228,65,36.0,24.0,10.0,5.0,119.0,31.0,35.0,17.0,53.0,5.0,5.0
2021/1/17,13.0,46.0,17.0,23.0,17.0,9.0,22.0,24.0,174,8.0,10.0,51.0,90.0,13.0,33.0,6.0,11.0,437,14.0,17.0,71.0,44.0,91.0,15.0,469,13.0,8.0,31.0,38,16.0,373.0,23.0,9.0,4.0,15.0,23.0,14.0,10.0,28.0,8.0,33.0,12.0,94.0,29.0,80.0,22.0,140.0,136,25.0,73.0,14.0,90.0,2.0,12.0,48.0,15.0,163,7.0,7.0,54.0,1.0,17.0,8.0,14.0,29.0,15.0,47.0,4.0,10.0,44.0,30.0,22.0,19.0,19.0,6.0,147,177,45,36.0,25.0,5.0,3.0,108.0,32.0,17.0,14.0,50.0,8.0,8.0
2021/1/18,22.0,56.0,21.0,40.0,27.0,14.0,49.0,20.0,177,9.0,18.0,62.0,140.0,23.0,53.0,13.0,13.0,636,12.0,19.0,103.0,43.0,97.0,16.0,601,35.0,15.0,53.0,70,19.0,400.0,32.0,13.0,9.0,10.0,26.0,12.0,14.0,32.0,17.0,26.0,20.0,117.0,38.0,98.0,32.0,192.0,219,24.0,127.0,17.0,79.0,8.0,14.0,58.0,7.0,238,12.0,20.0,75.0,4.0,27.0,5.0,21.0,41.0,19.0,107.0,12.0,16.0,89.0,35.0,27.0,33.0,49.0,22.0,257,239,64,36.0,24.0,9.0,7.0,99.0,36.0,54.0,9.0,76.0,2.0,2.0
2021/1/19,23.0,76.0,26.0,40.0,44.0,15.0,30.0,38.0,289,9.0,20.0,97.0,193.0,21.0,57.0,18.0,11.0,664,29.0,17.0,118.0,38.0,122.0,21.0,652,14.0,18.0,56.0,111,22.0,638.0,20.0,23.0,3.0,12.0,20.0,6.0,7.0,22.0,12.0,42.0,45.0,180.0,48.0,121.0,30.0,191.0,189,28.0,108.0,40.0,89.0,8.0,12.0,64.0,7.0,311,7.0,19.0,42.0,5.0,17.0,6.0,18.0,58.0,29.0,95.0,18.0,20.0,73.0,47.0,22.0,37.0,25.0,41.0,227,286,63,38.0,44.0,11.0,4.0,178.0,41.0,51.0,11.0,63.0,9.0,9.0
2021/1/20,19.0,65.0,16.0,49.0,40.0,18.0,41.0,58.0,298,10.0,12.0,90.0,128.0,18.0,55.0,13.0,22.0,750,30.0,16.0,119.0,49.0,120.0,15.0,864,20.0,14.0,62.0,121,20.0,633.0,22.0,23.0,2.0,11.0,29.0,10.0,12.0,21.0,14.0,23.0,36.0,142.0,50.0,109.0,23.0,229.0,235,33.0,108.0,32.0,84.0,10.0,9.0,78.0,4.0,236,3.0,14.0,49.0,3.0,17.0,6.0,18.0,51.0,34.0,98.0,20.0,19.0,75.0,31.0,21.0,24.0,28.0,23.0,262,309,73,42.0,38.0,11.0,7.0,150.0,41.0,35.0,15.0,67.0,7.0,8.0
2021/1/21,19.0,50.0,7.0,23.0,41.0,10.0,25.0,47.0,197,5.0,13.0,56.0,134.0,19.0,40.0,5.0,16.0,518,20.0,22.0,83.0,25.0,79.0,15.0,492,11.0,8.0,46.0,71,25.0,520.0,16.0,21.0,5.0,7.0,22.0,10.0,8.0,23.0,9.0,27.0,28.0,101.0,26.0,81.0,24.0,153.0,207,21.0,104.0,14.0,74.0,8.0,5.0,51.0,8.0,250,8.0,15.0,45.0,1.0,6.0,10.0,13.0,58.0,16.0,57.0,17.0,14.0,62.0,31.0,26.0,21.0,20.0,8.0,158,219,50,33.0,35.0,6.0,6.0,127.0,26.0,41.0,6.0,51.0,5.0,5.0
2021/1/22,20.0,41.0,19.0,18.0,18.0,9.0,26.0,12.0,159,14.0,13.0,53.0,112.0,14.0,42.0,8.0,20.0,448,26.0,18.0,76.0,40.0,91.0,20.0,522,13.0,24.0,30.0,77,24.0,448.0,13.0,20.0,2.0,12.0,20.0,10.0,7.0,26.0,13.0,17.0,24.0,99.0,29.0,67.0,24.0,163.0,184,18.0,101.0,20.0,63.0,10.0,8.0,50.0,9.0,207,5.0,4.0,45.0,2.0,13.0,9.0,16.0,40.0,23.0,70.0,13.0,17.0,61.0,35.0,19.0,25.0,13.0,6.0,171,189,56,33.0,23.0,8.0,-1.0,117.0,21.0,54.0,11.0,58.0,9.0,9.0
2021/1/23,10.0,29.0,18.0,13.0,26.0,20.0,35.0,9.0,118,8.0,14.0,45.0,92.0,11.0,28.0,10.0,17.0,349,3.0,10.0,63.0,32.0,61.0,9.0,356,9.0,6.0,34.0,42,9.0,280.0,13.0,9.0,3.0,11.0,16.0,7.0,11.0,26.0,13.0,14.0,10.0,75.0,38.0,67.0,19.0,90.0,146,18.0,84.0,15.0,61.0,19.0,10.0,33.0,6.0,174,9.0,9.0,39.0,4.0,12.0,4.0,9.0,26.0,13.0,61.0,11.0,13.0,23.0,22.0,7.0,16.0,11.0,7.0,107,161,37,20.0,23.0,6.0,6.0,83.0,27.0,21.0,13.0,57.0,7.0,7.0
2021/1/24,12.0,28.0,10.0,22.0,25.0,11.0,26.0,17.0,130,9.0,14.0,32.0,74.0,14.0,15.0,5.0,11.0,349,3.0,15.0,53.0,28.0,68.0,9.0,267,11.0,6.0,25.0,43,11.0,285.0,13.0,5.0,4.0,9.0,17.0,5.0,10.0,10.0,7.0,11.0,16.0,66.0,39.0,61.0,14.0,79.0,104,10.0,59.0,12.0,62.0,9.0,12.0,20.0,10.0,124,6.0,9.0,54.0,1.0,14.0,7.0,20.0,15.0,4.0,58.0,14.0,16.0,27.0,22.0,10.0,6.0,15.0,2.0,84,151,44,19.0,31.0,10.0,3.0,88.0,19.0,36.0,5.0,43.0,4.0,4.0
2021/1/25,20.0,57.0,15.0,28.0,38.0,16.0,27.0,42.0,173,18.0,17.0,60.0,113.0,32.0,48.0,16.0,17.0,537,28.0,14.0,92.0,29.0,73.0,16.0,499,11.0,12.0,54.0,88,16.0,492.0,27.0,27.0,6.0,11.0,24.0,10.0,9.0,23.0,10.0,36.0,25.0,115.0,29.0,95.0,34.0,158.0,150,17.0,116.0,25.0,104.0,12.0,16.0,60.0,8.0,237,7.0,20.0,44.0,2.0,12.0,5.0,17.0,52.0,11.0,80.0,22.0,8.0,79.0,23.0,15.0,20.0,22.0,8.0,161,195,79,41.0,21.0,8.0,4.0,145.0,43.0,60.0,14.0,67.0,4.0,4.0
2021/1/26,10.0,40.0,10.0,37.0,33.0,9.0,22.0,24.0,200,5.0,10.0,64.0,114.0,13.0,34.0,15.0,12.0,483,24.0,11.0,77.0,28.0,69.0,14.0,458,22.0,11.0,66.0,92,16.0,443.0,21.0,15.0,1.0,9.0,22.0,13.0,4.0,16.0,6.0,13.0,27.0,101.0,26.0,74.0,18.0,134.0,156,13.0,100.0,20.0,49.0,20.0,6.0,36.0,2.0,159,8.0,8.0,46.0,7.0,14.0,4.0,19.0,40.0,14.0,93.0,12.0,8.0,44.0,22.0,21.0,21.0,8.0,10.0,177,198,48,23.0,31.0,12.0,-1.0,120.0,24.0,55.0,7.0,54.0,5.0,5.0
2021/1/27,10.0,56.0,11.0,26.0,38.0,12.0,25.0,32.0,165,7.0,11.0,33.0,118.0,27.0,39.0,11.0,8.0,415,19.0,26.0,104.0,23.0,83.0,11.0,478,13.0,7.0,46.0,68,16.0,403.0,18.0,21.0,3.0,11.0,27.0,9.0,8.0,17.0,9.0,16.0,30.0,76.0,25.0,74.0,14.0,135.0,154,17.0,100.0,21.0,77.0,11.0,10.0,34.0,9.0,162,4.0,8.0,40.0,2.0,11.0,11.0,16.0,23.0,20.0,70.0,16.0,6.0,50.0,14.0,10.0,24.0,16.0,16.0,173,216,59,27.0,20.0,8.0,3.0,123.0,25.0,43.0,6.0,46.0,5.0,5.0
2021/1/28,15.0,43.0,13.0,13.0,23.0,10.0,17.0,25.0,133,3.0,11.0,53.0,98.0,14.0,31.0,17.0,14.0,358,12.0,5.0,79.0,18.0,68.0,14.0,393,13.0,10.0,36.0,86,9.0,386.0,15.0,17.0,3.0,12.0,13.0,8.0,8.0,15.0,8.0,18.0,27.0,65.0,29.0,76.0,18.0,116.0,179,6.0,66.0,12.0,58.0,8.0,14.0,43.0,1.0,166,5.0,8.0,50.0,2.0,10.0,9.0,15.0,33.0,12.0,47.0,9.0,12.0,47.0,17.0,12.0,16.0,14.0,2.0,123,177,56,22.0,24.0,11.0,4.0,110.0,24.0,51.0,10.0,36.0,4.0,2.0
2021/1/29,12.0,34.0,12.0,16.0,32.0,13.0,17.0,35.0,170,10.0,10.0,37.0,94.0,17.0,21.0,14.0,13.0,343,14.0,7.0,66.0,32.0,49.0,12.0,371,12.0,8.0,38.0,54,4.0,377.0,22.0,19.0,4.0,6.0,16.0,6.0,10.0,13.0,11.0,11.0,23.0,77.0,18.0,77.0,8.0,90.0,139,13.0,72.0,32.0,46.0,10.0,11.0,33.0,3.0,156,8.0,10.0,39.0,5.0,9.0,6.0,18.0,53.0,10.0,56.0,8.0,6.0,39.0,19.0,7.0,18.0,12.0,9.0,150,171,43,24.0,16.0,11.0,2.0,121.0,17.0,33.0,4.0,42.0,4.0,4.0
2021/1/30,9.0,33.0,9.0,15.0,26.0,12.0,17.0,14.0,118,5.0,7.0,39.0,55.0,10.0,19.0,9.0,9.0,322,8.0,13.0,52.0,12.0,58.0,2.0,273,13.0,8.0,26.0,62,9.0,244.0,8.0,8.0,4.0,5.0,19.0,4.0,4.0,15.0,6.0,6.0,18.0,56.0,19.0,36.0,14.0,57.0,92,9.0,50.0,13.0,51.0,8.0,2.0,23.0,1.0,138,5.0,4.0,37.0,3.0,4.0,6.0,12.0,17.0,15.0,40.0,6.0,6.0,34.0,19.0,6.0,15.0,10.0,5.0,78,170,34,28.0,17.0,8.0,3.0,76.0,6.0,21.0,6.0,42.0,2.0,2.0
2021/1/31,6.0,25.0,11.0,10.0,23.0,17.0,16.0,13.0,108,7.0,3.0,16.0,61.0,14.0,10.0,5.0,7.0,263,7.0,11.0,41.0,15.0,43.0,5.0,242,12.0,6.0,32.0,39,3.0,266.0,11.0,7.0,4.0,9.0,15.0,5.0,2.0,12.0,7.0,13.0,11.0,58.0,24.0,32.0,9.0,53.0,90,9.0,44.0,14.0,49.0,8.0,7.0,20.0,4.0,118,7.0,10.0,28.0,-1.0,12.0,3.0,8.0,13.0,8.0,46.0,10.0,4.0,31.0,12.0,3.0,8.0,12.0,11.0,70,121,42,12.0,10.0,3.0,2.0,64.0,16.0,17.0,8.0,25.0,5.0,4.0
2021/2/1,21.0,39.0,7.0,27.0,45.0,16.0,20.0,40.0,160,5.0,12.0,29.0,106.0,21.0,36.0,6.0,12.0,410,12.0,11.0,78.0,19.0,64.0,17.0,385,18.0,15.0,42.0,101,18.0,364.0,22.0,7.0,5.0,7.0,17.0,9.0,4.0,15.0,7.0,19.0,18.0,80.0,21.0,62.0,12.0,131.0,123,16.0,70.0,16.0,64.0,19.0,9.0,45.0,3.0,171,4.0,16.0,48.0,1.0,9.0,3.0,17.0,38.0,20.0,53.0,12.0,8.0,49.0,17.0,21.0,20.0,11.0,12.0,124,180,62,24.0,9.0,15.0,-1.0,112.0,31.0,45.0,5.0,30.0,6.0,4.0
2021/2/2,8.0,19.0,10.0,31.0,25.0,13.0,17.0,28.0,138,10.0,7.0,38.0,86.0,20.0,38.0,8.0,6.0,352,8.0,5.0,57.0,19.0,55.0,11.0,375,10.0,6.0,32.0,40,5.0,328.0,20.0,9.0,4.0,6.0,20.0,11.0,2.0,9.0,9.0,14.0,17.0,78.0,18.0,51.0,18.0,106.0,107,15.0,86.0,11.0,48.0,8.0,9.0,26.0,3.0,149,2.0,6.0,36.0,3.0,7.0,6.0,13.0,31.0,13.0,41.0,11.0,5.0,25.0,12.0,9.0,16.0,16.0,6.0,116,181,38,20.0,17.0,7.0,2.0,94.0,14.0,27.0,2.0,33.0,7.0,5.0
2021/2/3,12.0,25.0,7.0,25.0,25.0,12.0,14.0,23.0,139,9.0,9.0,31.0,83.0,24.0,25.0,4.0,15.0,351,14.0,18.0,77.0,13.0,61.0,15.0,351,19.0,8.0,27.0,50,12.0,305.0,15.0,10.0,4.0,8.0,15.0,6.0,1.0,10.0,9.0,22.0,5.0,73.0,28.0,57.0,11.0,95.0,101,8.0,79.0,20.0,53.0,13.0,4.0,30.0,5.0,135,2.0,8.0,40.0,2.0,7.0,5.0,15.0,30.0,12.0,54.0,16.0,6.0,42.0,16.0,5.0,20.0,6.0,5.0,107,170,34,14.0,19.0,10.0,-1.0,98.0,32.0,24.0,7.0,35.0,12.0,4.0
2021/2/4,11.0,17.0,4.0,29.0,32.0,3.0,10.0,22.0,134,9.0,10.0,32.0,61.0,12.0,24.0,2.0,7.0,303,16.0,10.0,70.0,11.0,67.0,9.0,323,9.0,8.0,17.0,45,13.0,301.0,19.0,14.0,6.0,11.0,16.0,14.0,14.0,13.0,10.0,16.0,12.0,74.0,23.0,47.0,8.0,103.0,104,10.0,55.0,17.0,41.0,5.0,13.0,45.0,4.0,108,-1.0,7.0,30.0,3.0,4.0,5.0,19.0,32.0,5.0,42.0,10.0,10.0,28.0,16.0,18.0,7.0,10.0,5.0,120,157,39,11.0,19.0,8.0,3.0,78.0,21.0,31.0,6.0,24.0,1.0,-1.0
2021/2/5,15.0,15.0,9.0,22.0,35.0,11.0,9.0,26.0,137,5.0,12.0,34.0,67.0,22.0,28.0,7.0,14.0,290,9.0,11.0,70.0,8.0,51.0,8.0,325,13.0,4.0,21.0,49,5.0,249.0,17.0,4.0,5.0,4.0,17.0,9.0,5.0,7.0,4.0,18.0,8.0,62.0,13.0,49.0,16.0,99.0,75,7.0,60.0,14.0,50.0,5.0,3.0,19.0,1.0,143,4.0,5.0,32.0,-1.0,8.0,1.0,8.0,34.0,19.0,37.0,3.0,6.0,22.0,28.0,11.0,14.0,10.0,3.0,101,176,41,23.0,10.0,5.0,2.0,86.0,30.0,26.0,9.0,27.0,5.0,-1.0
2021/2/6,4.0,13.0,4.0,17.0,20.0,11.0,13.0,14.0,97,6.0,3.0,18.0,45.0,12.0,11.0,4.0,1.0,218,2.0,10.0,55.0,13.0,28.0,10.0,254,14.0,3.0,19.0,35,9.0,174.0,6.0,5.0,2.0,3.0,11.0,4.0,4.0,7.0,6.0,10.0,10.0,42.0,11.0,30.0,7.0,54.0,71,11.0,47.0,20.0,45.0,3.0,4.0,10.0,2.0,79,1.0,-1.0,32.0,2.0,2.0,1.0,4.0,11.0,6.0,39.0,7.0,3.0,11.0,17.0,5.0,10.0,6.0,5.0,78,133,44,15.0,8.0,8.0,4.0,49.0,15.0,17.0,6.0,24.0,-1.0,-1.0
2021/2/7,7.0,13.0,6.0,16.0,20.0,6.0,12.0,8.0,75,6.0,6.0,21.0,44.0,19.0,12.0,3.0,12.0,193,2.0,5.0,41.0,11.0,32.0,1.0,207,10.0,4.0,15.0,36,6.0,170.0,12.0,6.0,7.0,1.0,12.0,4.0,2.0,11.0,5.0,8.0,7.0,45.0,11.0,35.0,7.0,47.0,64,6.0,41.0,9.0,43.0,5.0,7.0,15.0,2.0,74,3.0,3.0,26.0,2.0,3.0,2.0,10.0,8.0,12.0,38.0,6.0,3.0,19.0,12.0,12.0,9.0,6.0,5.0,61,101,35,11.0,8.0,8.0,-1.0,41.0,15.0,22.0,10.0,13.0,1.0,-1.0
2021/2/8,7.0,23.0,8.0,35.0,33.0,16.0,21.0,29.0,128,10.0,12.0,37.0,58.0,21.0,31.0,3.0,9.0,334,20.0,12.0,62.0,16.0,53.0,12.0,340,21.0,10.0,24.0,65,6.0,283.0,14.0,7.0,7.0,4.0,15.0,6.0,5.0,14.0,6.0,25.0,13.0,67.0,15.0,56.0,15.0,108.0,99,12.0,64.0,23.0,63.0,13.0,6.0,44.0,3.0,138,3.0,4.0,27.0,5.0,4.0,7.0,15.0,24.0,15.0,42.0,12.0,3.0,42.0,21.0,20.0,16.0,7.0,8.0,112,152,60,21.0,14.0,11.0,1.0,59.0,25.0,31.0,8.0,22.0,2.0,-1.0
2021/2/9,2.0,20.0,10.0,15.0,28.0,11.0,9.0,15.0,109,5.0,6.0,29.0,55.0,11.0,16.0,8.0,8.0,286,15.0,3.0,52.0,21.0,39.0,11.0,291,9.0,3.0,22.0,39,6.0,181.0,5.0,7.0,6.0,8.0,11.0,4.0,2.0,8.0,9.0,22.0,18.0,58.0,20.0,59.0,15.0,76.0,101,8.0,55.0,18.0,34.0,6.0,5.0,15.0,1.0,101,4.0,5.0,20.0,4.0,8.0,1.0,15.0,22.0,5.0,34.0,9.0,3.0,30.0,20.0,14.0,10.0,9.0,7.0,87,158,33,15.0,17.0,8.0,-1.0,50.0,19.0,34.0,16.0,23.0,4.0,-1.0
2021/2/10,11.0,28.0,1.0,31.0,38.0,9.0,13.0,12.0,96,4.0,13.0,20.0,48.0,12.0,31.0,9.0,10.0,263,8.0,10.0,49.0,11.0,60.0,10.0,277,12.0,6.0,21.0,35,6.0,242.0,15.0,5.0,3.0,5.0,13.0,5.0,3.0,9.0,4.0,24.0,7.0,53.0,13.0,37.0,5.0,70.0,97,13.0,54.0,15.0,41.0,6.0,10.0,15.0,16.0,94,4.0,9.0,36.0,-1.0,7.0,2.0,7.0,25.0,12.0,48.0,13.0,5.0,16.0,16.0,12.0,13.0,2.0,8.0,62,149,40,12.0,11.0,11.0,-1.0,53.0,19.0,17.0,4.0,30.0,4.0,-1.0
2021/2/11,5.0,15.0,7.0,16.0,26.0,17.0,11.0,9.0,100,4.0,10.0,28.0,56.0,13.0,24.0,6.0,4.0,225,6.0,10.0,45.0,11.0,41.0,6.0,244,5.0,4.0,18.0,34,8.0,245.0,3.0,5.0,3.0,8.0,11.0,4.0,6.0,10.0,5.0,17.0,10.0,49.0,14.0,42.0,9.0,70.0,74,12.0,41.0,9.0,45.0,8.0,5.0,15.0,-1.0,92,4.0,10.0,24.0,-1.0,1.0,2.0,11.0,18.0,4.0,34.0,4.0,3.0,26.0,16.0,9.0,10.0,4.0,3.0,73,129,27,21.0,15.0,9.0,3.0,60.0,16.0,12.0,1.0,21.0,2.0,-1.0
2021/2/12,4.0,19.0,9.0,20.0,15.0,7.0,6.0,12.0,93,6.0,12.0,22.0,50.0,14.0,16.0,4.0,12.0,197,8.0,9.0,42.0,14.0,29.0,4.0,227,7.0,2.0,16.0,38,4.0,185.0,17.0,7.0,1.0,4.0,4.0,3.0,2.0,13.0,8.0,15.0,9.0,47.0,11.0,52.0,8.0,86.0,73,11.0,44.0,6.0,31.0,10.0,5.0,27.0,7.0,67,7.0,10.0,19.0,2.0,3.0,2.0,4.0,15.0,5.0,39.0,6.0,8.0,25.0,13.0,4.0,16.0,5.0,6.0,84,101,26,13.0,14.0,5.0,-1.0,51.0,18.0,23.0,2.0,15.0,3.0,-1.0
2021/2/13,3.0,15.0,3.0,19.0,9.0,4.0,9.0,6.0,82,4.0,8.0,16.0,42.0,5.0,10.0,5.0,4.0,185,3.0,6.0,32.0,7.0,21.0,5.0,179,4.0,9.0,10.0,21,7.0,133.0,11.0,5.0,2.0,1.0,3.0,5.0,8.0,8.0,8.0,21.0,6.0,32.0,11.0,17.0,6.0,49.0,53,5.0,33.0,9.0,28.0,2.0,2.0,10.0,1.0,76,10.0,6.0,13.0,1.0,4.0,1.0,5.0,8.0,4.0,36.0,6.0,3.0,24.0,6.0,4.0,13.0,7.0,1.0,56,102,23,12.0,10.0,4.0,-1.0,48.0,10.0,14.0,4.0,14.0,-1.0,-1.0
2021/2/14,2.0,4.0,1.0,9.0,12.0,7.0,5.0,4.0,66,6.0,6.0,18.0,26.0,10.0,11.0,4.0,5.0,177,1.0,8.0,26.0,11.0,21.0,1.0,182,8.0,4.0,13.0,23,5.0,136.0,9.0,5.0,1.0,-1.0,5.0,-1.0,3.0,7.0,1.0,16.0,6.0,26.0,9.0,32.0,3.0,41.0,41,6.0,25.0,12.0,28.0,5.0,2.0,13.0,2.0,48,4.0,4.0,17.0,3.0,6.0,3.0,9.0,7.0,4.0,38.0,2.0,2.0,19.0,10.0,10.0,6.0,3.0,1.0,56,93,26,12.0,9.0,4.0,1.0,62.0,8.0,8.0,5.0,16.0,4.0,-1.0
2021/2/15,2.0,16.0,10.0,21.0,27.0,3.0,9.0,13.0,75,3.0,5.0,34.0,42.0,4.0,17.0,6.0,11.0,252,2.0,11.0,44.0,17.0,37.0,3.0,230,9.0,6.0,10.0,26,5.0,166.0,13.0,9.0,2.0,6.0,10.0,3.0,4.0,9.0,4.0,18.0,11.0,41.0,9.0,29.0,8.0,65.0,86,7.0,57.0,13.0,35.0,1.0,6.0,22.0,4.0,73,4.0,8.0,17.0,5.0,5.0,5.0,4.0,12.0,12.0,36.0,5.0,6.0,21.0,9.0,4.0,7.0,7.0,5.0,61,148,34,15.0,8.0,14.0,1.0,61.0,21.0,16.0,1.0,21.0,5.0,-1.0
2021/2/16,2.0,11.0,7.0,12.0,19.0,4.0,9.0,7.0,65,-1.0,1.0,20.0,43.0,9.0,17.0,3.0,6.0,228,5.0,12.0,44.0,5.0,18.0,6.0,194,6.0,5.0,28.0,23,8.0,122.0,11.0,3.0,1.0,2.0,9.0,3.0,5.0,7.0,5.0,17.0,6.0,64.0,15.0,34.0,3.0,52.0,36,6.0,50.0,8.0,41.0,2.0,7.0,10.0,1.0,79,6.0,1.0,11.0,2.0,6.0,1.0,3.0,18.0,6.0,45.0,4.0,3.0,16.0,15.0,7.0,15.0,6.0,5.0,76,93,36,7.0,12.0,8.0,-1.0,61.0,24.0,9.0,4.0,19.0,2.0,-1.0
2021/2/17,7.0,13.0,8.0,17.0,20.0,5.0,8.0,8.0,80,8.0,6.0,13.0,44.0,13.0,21.0,7.0,6.0,219,8.0,9.0,49.0,16.0,31.0,8.0,285,4.0,10.0,17.0,30,8.0,206.0,10.0,4.0,1.0,7.0,9.0,3.0,3.0,7.0,6.0,28.0,13.0,27.0,17.0,30.0,10.0,50.0,74,8.0,52.0,20.0,29.0,5.0,1.0,13.0,2.0,84,2.0,10.0,10.0,1.0,7.0,6.0,9.0,15.0,5.0,47.0,6.0,5.0,31.0,21.0,10.0,11.0,21.0,7.0,93,114,36,6.0,7.0,6.0,1.0,79.0,19.0,11.0,2.0,16.0,2.0,-1.0
2021/2/18,7.0,13.0,5.0,14.0,24.0,4.0,15.0,8.0,65,5.0,11.0,19.0,30.0,7.0,16.0,9.0,8.0,204,11.0,10.0,55.0,9.0,27.0,4.0,232,5.0,5.0,20.0,14,4.0,132.0,14.0,5.0,3.0,3.0,9.0,4.0,4.0,10.0,3.0,14.0,4.0,43.0,14.0,37.0,11.0,62.0,70,5.0,40.0,4.0,31.0,3.0,4.0,15.0,4.0,73,5.0,10.0,11.0,-1.0,7.0,2.0,7.0,16.0,7.0,33.0,4.0,6.0,22.0,8.0,7.0,8.0,8.0,2.0,70,116,35,12.0,17.0,4.0,2.0,60.0,12.0,7.0,6.0,32.0,1.0,-1.0
2021/2/19,4.0,9.0,11.0,11.0,15.0,1.0,12.0,11.0,65,3.0,6.0,16.0,50.0,9.0,21.0,4.0,3.0,217,4.0,7.0,43.0,17.0,27.0,3.0,218,8.0,4.0,18.0,18,4.0,135.0,9.0,4.0,-1.0,4.0,5.0,3.0,4.0,17.0,-1.0,20.0,9.0,34.0,10.0,39.0,8.0,62.0,103,5.0,37.0,16.0,27.0,3.0,3.0,16.0,4.0,62,5.0,6.0,25.0,2.0,6.0,5.0,8.0,20.0,2.0,36.0,6.0,5.0,24.0,15.0,13.0,20.0,5.0,2.0,66,108,26,23.0,11.0,7.0,1.0,34.0,7.0,5.0,2.0,12.0,4.0,-1.0
2021/2/20,3.0,7.0,8.0,18.0,9.0,6.0,9.0,1.0,57,2.0,9.0,21.0,29.0,3.0,16.0,9.0,3.0,155,1.0,4.0,24.0,9.0,17.0,10.0,154,8.0,6.0,15.0,13,4.0,106.0,9.0,1.0,5.0,2.0,4.0,2.0,2.0,9.0,3.0,7.0,7.0,27.0,5.0,20.0,2.0,34.0,65,5.0,32.0,11.0,32.0,4.0,4.0,6.0,-1.0,61,3.0,1.0,8.0,-1.0,3.0,5.0,4.0,9.0,4.0,23.0,4.0,8.0,26.0,11.0,10.0,13.0,8.0,1.0,38,61,23,12.0,11.0,3.0,1.0,34.0,11.0,5.0,5.0,17.0,6.0,-1.0
2021/2/21,4.0,7.0,4.0,7.0,7.0,4.0,8.0,1.0,52,3.0,4.0,15.0,27.0,3.0,8.0,9.0,2.0,184,-1.0,5.0,38.0,10.0,22.0,5.0,140,5.0,1.0,17.0,19,6.0,102.0,9.0,5.0,-1.0,5.0,7.0,5.0,-1.0,12.0,5.0,13.0,5.0,36.0,10.0,24.0,8.0,26.0,41,5.0,28.0,13.0,25.0,4.0,2.0,8.0,2.0,35,4.0,3.0,8.0,-1.0,9.0,3.0,1.0,9.0,3.0,22.0,6.0,-1.0,16.0,5.0,3.0,10.0,9.0,3.0,37,70,22,6.0,10.0,1.0,-1.0,26.0,10.0,8.0,3.0,29.0,3.0,-1.0
2021/2/22,5.0,7.0,4.0,21.0,24.0,3.0,9.0,7.0,84,1.0,11.0,17.0,37.0,9.0,19.0,5.0,3.0,259,6.0,6.0,44.0,17.0,25.0,10.0,238,7.0,4.0,17.0,25,7.0,164.0,9.0,6.0,6.0,8.0,14.0,6.0,-1.0,15.0,1.0,22.0,13.0,42.0,6.0,32.0,4.0,50.0,79,4.0,38.0,9.0,43.0,5.0,5.0,15.0,-1.0,77,11.0,8.0,11.0,-1.0,6.0,5.0,7.0,16.0,3.0,30.0,6.0,4.0,27.0,15.0,15.0,20.0,3.0,2.0,68,116,38,5.0,18.0,4.0,-1.0,46.0,15.0,18.0,3.0,23.0,1.0,-1.0
2021/2/23,5.0,9.0,6.0,12.0,10.0,2.0,13.0,5.0,72,2.0,2.0,30.0,39.0,5.0,21.0,12.0,7.0,253,6.0,1.0,19.0,15.0,28.0,2.0,191,7.0,4.0,18.0,13,5.0,160.0,5.0,6.0,1.0,5.0,11.0,2.0,1.0,17.0,3.0,19.0,7.0,46.0,13.0,23.0,7.0,52.0,90,6.0,36.0,5.0,38.0,2.0,3.0,16.0,5.0,62,3.0,4.0,11.0,-1.0,8.0,6.0,-1.0,18.0,5.0,34.0,5.0,-1.0,9.0,11.0,5.0,17.0,12.0,6.0,65,77,26,9.0,13.0,1.0,1.0,47.0,22.0,7.0,4.0,22.0,1.0,-1.0
2021/2/24,1.0,11.0,7.0,8.0,10.0,6.0,6.0,4.0,66,5.0,2.0,12.0,32.0,5.0,15.0,18.0,3.0,227,5.0,11.0,26.0,8.0,24.0,5.0,212,11.0,7.0,14.0,23,4.0,131.0,7.0,3.0,2.0,2.0,6.0,-1.0,3.0,9.0,4.0,10.0,7.0,31.0,15.0,27.0,11.0,53.0,78,8.0,30.0,10.0,28.0,2.0,-1.0,20.0,2.0,58,-1.0,6.0,19.0,5.0,5.0,4.0,3.0,18.0,6.0,29.0,2.0,3.0,19.0,8.0,17.0,9.0,6.0,6.0,69,95,23,7.0,15.0,3.0,-1.0,41.0,21.0,7.0,1.0,15.0,5.0,-1.0
2021/2/25,2.0,5.0,7.0,12.0,7.0,-1.0,13.0,6.0,47,3.0,6.0,22.0,30.0,9.0,4.0,13.0,9.0,207,3.0,4.0,33.0,9.0,24.0,1.0,189,4.0,3.0,22.0,8,1.0,114.0,11.0,3.0,1.0,6.0,6.0,3.0,1.0,14.0,8.0,8.0,7.0,28.0,12.0,21.0,9.0,43.0,76,5.0,32.0,6.0,26.0,1.0,3.0,12.0,1.0,62,3.0,3.0,23.0,1.0,9.0,-1.0,7.0,17.0,4.0,24.0,3.0,2.0,22.0,8.0,5.0,14.0,7.0,5.0,51,95,20,8.0,8.0,1.0,-1.0,32.0,9.0,10.0,1.0,21.0,7.0,-1.0
2021/2/26,6.0,6.0,7.0,25.0,10.0,4.0,13.0,4.0,56,6.0,7.0,21.0,29.0,5.0,15.0,8.0,3.0,207,6.0,4.0,29.0,14.0,34.0,-1.0,207,12.0,8.0,9.0,16,1.0,118.0,7.0,7.0,1.0,3.0,2.0,2.0,1.0,19.0,3.0,18.0,5.0,24.0,4.0,38.0,4.0,29.0,80,8.0,28.0,9.0,27.0,1.0,4.0,13.0,4.0,50,1.0,3.0,13.0,-1.0,7.0,2.0,6.0,20.0,4.0,19.0,2.0,-1.0,24.0,9.0,4.0,15.0,19.0,-1.0,44,86,24,12.0,14.0,2.0,-1.0,33.0,13.0,7.0,3.0,31.0,5.0,-1.0
2021/2/27,-1.0,6.0,3.0,5.0,5.0,1.0,6.0,3.0,35,2.0,1.0,12.0,25.0,1.0,11.0,3.0,2.0,182,2.0,4.0,18.0,8.0,13.0,5.0,139,8.0,1.0,9.0,14,4.0,89.0,5.0,2.0,-1.0,8.0,4.0,3.0,3.0,11.0,4.0,11.0,6.0,29.0,6.0,10.0,3.0,24.0,55,2.0,27.0,1.0,23.0,1.0,1.0,12.0,3.0,33,1.0,3.0,9.0,3.0,1.0,5.0,2.0,11.0,1.0,20.0,2.0,4.0,14.0,11.0,8.0,7.0,6.0,2.0,32,69,21,13.0,7.0,1.0,-1.0,27.0,14.0,6.0,2.0,28.0,6.0,-1.0
2021/2/28,1.0,5.0,8.0,8.0,5.0,5.0,6.0,1.0,37,2.0,8.0,17.0,22.0,3.0,7.0,10.0,3.0,156,1.0,10.0,20.0,12.0,17.0,3.0,146,7.0,2.0,9.0,16,1.0,73.0,5.0,3.0,1.0,2.0,2.0,3.0,1.0,13.0,3.0,4.0,4.0,13.0,7.0,24.0,6.0,24.0,42,3.0,28.0,2.0,20.0,-1.0,5.0,8.0,-1.0,31,-1.0,1.0,18.0,2.0,7.0,-1.0,4.0,6.0,3.0,18.0,1.0,2.0,14.0,6.0,4.0,9.0,7.0,3.0,32,77,23,5.0,7.0,-1.0,1.0,28.0,11.0,8.0,3.0,22.0,-1.0,-1.0
2021/3/1,2.0,11.0,7.0,16.0,6.0,5.0,11.0,2.0,65,2.0,9.0,23.0,28.0,4.0,20.0,8.0,7.0,233,7.0,3.0,36.0,27.0,35.0,6.0,224,4.0,8.0,7.0,23,7.0,136.0,11.0,12.0,-1.0,4.0,4.0,3.0,4.0,12.0,2.0,8.0,7.0,54.0,5.0,31.0,6.0,31.0,84,8.0,28.0,9.0,35.0,1.0,6.0,12.0,1.0,50,3.0,4.0,19.0,1.0,4.0,3.0,8.0,11.0,4.0,24.0,2.0,6.0,18.0,13.0,6.0,13.0,12.0,6.0,49,100,18,15.0,7.0,2.0,-1.0,34.0,10.0,10.0,4.0,30.0,7.0,-1.0
2021/3/2,3.0,5.0,6.0,5.0,7.0,1.0,7.0,2.0,58,3.0,8.0,21.0,36.0,1.0,10.0,11.0,7.0,235,3.0,6.0,22.0,8.0,22.0,5.0,224,4.0,3.0,12.0,23,1.0,94.0,14.0,10.0,-1.0,2.0,5.0,3.0,-1.0,11.0,3.0,3.0,9.0,37.0,5.0,30.0,6.0,34.0,61,4.0,27.0,10.0,31.0,3.0,1.0,12.0,3.0,43,2.0,8.0,12.0,-1.0,6.0,-1.0,3.0,12.0,6.0,23.0,4.0,1.0,14.0,9.0,8.0,17.0,11.0,3.0,59,85,31,3.0,13.0,3.0,-1.0,29.0,19.0,19.0,6.0,18.0,8.0,-1.0
2021/3/3,3.0,13.0,13.0,8.0,11.0,-1.0,7.0,3.0,59,3.0,10.0,26.0,27.0,14.0,11.0,8.0,5.0,207,5.0,5.0,33.0,10.0,23.0,3.0,230,10.0,3.0,9.0,9,3.0,92.0,6.0,6.0,1.0,4.0,6.0,4.0,3.0,14.0,-1.0,8.0,9.0,34.0,7.0,21.0,6.0,54.0,75,7.0,25.0,11.0,36.0,-1.0,3.0,4.0,-1.0,56,1.0,1.0,6.0,-1.0,5.0,3.0,2.0,11.0,3.0,31.0,-1.0,2.0,17.0,8.0,8.0,10.0,12.0,1.0,34,118,26,12.0,12.0,7.0,1.0,28.0,18.0,16.0,2.0,26.0,2.0,-1.0
2021/3/4,2.0,4.0,12.0,7.0,4.0,-1.0,5.0,6.0,61,2.0,7.0,27.0,36.0,7.0,9.0,6.0,5.0,159,4.0,3.0,31.0,13.0,11.0,1.0,186,1.0,-1.0,11.0,10,2.0,109.0,8.0,6.0,3.0,3.0,4.0,5.0,10.0,7.0,8.0,8.0,3.0,42.0,7.0,31.0,4.0,47.0,66,6.0,24.0,7.0,43.0,1.0,3.0,2.0,3.0,54,-1.0,3.0,15.0,-1.0,1.0,3.0,6.0,6.0,4.0,24.0,2.0,1.0,13.0,9.0,8.0,8.0,12.0,1.0,45,93,13,3.0,5.0,-1.0,1.0,26.0,13.0,8.0,2.0,27.0,3.0,-1.0
2021/3/5,2.0,7.0,9.0,3.0,6.0,2.0,14.0,7.0,42,1.0,7.0,34.0,18.0,7.0,9.0,10.0,7.0,153,5.0,5.0,23.0,9.0,16.0,3.0,189,5.0,2.0,6.0,13,3.0,84.0,10.0,2.0,-1.0,3.0,3.0,2.0,2.0,11.0,-1.0,5.0,7.0,33.0,7.0,28.0,11.0,50.0,65,5.0,16.0,8.0,34.0,-1.0,2.0,9.0,2.0,59,2.0,2.0,17.0,1.0,1.0,4.0,1.0,11.0,4.0,21.0,5.0,2.0,19.0,13.0,4.0,11.0,7.0,-1.0,33,91,20,13.0,8.0,1.0,2.0,29.0,17.0,24.0,1.0,27.0,5.0,-1.0
2021/3/6,4.0,4.0,7.0,5.0,-1.0,2.0,5.0,4.0,36,2.0,8.0,16.0,22.0,2.0,8.0,5.0,11.0,140,7.0,7.0,22.0,6.0,17.0,2.0,136,3.0,1.0,6.0,13,2.0,74.0,7.0,2.0,2.0,3.0,4.0,1.0,-1.0,11.0,4.0,2.0,2.0,13.0,3.0,27.0,6.0,24.0,50,5.0,18.0,1.0,28.0,-1.0,1.0,7.0,5.0,43,1.0,1.0,12.0,1.0,5.0,2.0,3.0,10.0,-1.0,24.0,4.0,1.0,14.0,6.0,2.0,5.0,4.0,1.0,26,71,11,5.0,9.0,1.0,1.0,31.0,12.0,13.0,2.0,31.0,1.0,-1.0
2021/3/7,1.0,5.0,13.0,7.0,7.0,1.0,6.0,2.0,43,-1.0,6.0,21.0,21.0,3.0,3.0,6.0,8.0,165,1.0,7.0,32.0,8.0,25.0,-1.0,158,6.0,3.0,3.0,7,2.0,59.0,14.0,3.0,-1.0,2.0,2.0,1.0,3.0,7.0,-1.0,2.0,5.0,33.0,5.0,11.0,2.0,23.0,55,-1.0,12.0,3.0,24.0,1.0,1.0,3.0,1.0,37,-1.0,3.0,4.0,1.0,4.0,2.0,3.0,5.0,3.0,12.0,1.0,2.0,14.0,11.0,6.0,4.0,9.0,1.0,23,68,27,13.0,6.0,1.0,-1.0,19.0,5.0,15.0,5.0,22.0,3.0,-1.0
2021/3/8,5.0,8.0,10.0,3.0,8.0,3.0,4.0,2.0,53,1.0,18.0,30.0,35.0,9.0,11.0,10.0,8.0,185,3.0,8.0,26.0,14.0,19.0,3.0,204,2.0,1.0,13.0,16,4.0,99.0,9.0,3.0,1.0,5.0,6.0,7.0,4.0,9.0,5.0,7.0,4.0,39.0,7.0,27.0,8.0,53.0,72,4.0,33.0,8.0,42.0,-1.0,2.0,10.0,2.0,43,-1.0,7.0,18.0,-1.0,1.0,3.0,4.0,9.0,5.0,27.0,9.0,4.0,11.0,6.0,7.0,11.0,12.0,2.0,64,100,27,11.0,12.0,2.0,2.0,33.0,11.0,17.0,3.0,34.0,6.0,-1.0
2021/3/9,-1.0,12.0,8.0,7.0,9.0,2.0,12.0,7.0,51,4.0,12.0,21.0,27.0,8.0,9.0,5.0,14.0,178,3.0,6.0,31.0,9.0,22.0,1.0,208,4.0,2.0,14.0,15,4.0,113.0,9.0,5.0,1.0,2.0,4.0,10.0,2.0,10.0,3.0,9.0,8.0,31.0,5.0,31.0,2.0,40.0,70,4.0,23.0,12.0,33.0,1.0,1.0,8.0,3.0,57,1.0,7.0,13.0,-1.0,3.0,2.0,7.0,6.0,6.0,19.0,4.0,5.0,18.0,8.0,7.0,9.0,18.0,2.0,44,92,23,4.0,11.0,2.0,-1.0,36.0,8.0,14.0,2.0,20.0,5.0,-1.0
2021/3/10,2.0,7.0,13.0,10.0,9.0,5.0,19.0,3.0,52,1.0,9.0,23.0,29.0,5.0,19.0,3.0,8.0,184,-1.0,4.0,34.0,10.0,32.0,3.0,225,2.0,2.0,16.0,16,9.0,108.0,8.0,4.0,-1.0,6.0,10.0,4.0,3.0,11.0,3.0,6.0,5.0,29.0,7.0,19.0,2.0,35.0,72,9.0,25.0,9.0,44.0,-1.0,4.0,12.0,6.0,54,2.0,1.0,12.0,1.0,6.0,5.0,9.0,21.0,-1.0,25.0,3.0,4.0,17.0,14.0,10.0,17.0,11.0,2.0,45,125,16,9.0,13.0,-1.0,-1.0,45.0,8.0,12.0,4.0,23.0,4.0,-1.0
2021/3/11,-1.0,9.0,9.0,5.0,6.0,2.0,8.0,2.0,53,4.0,4.0,25.0,19.0,10.0,6.0,4.0,11.0,176,6.0,5.0,23.0,11.0,14.0,1.0,190,5.0,2.0,10.0,16,8.0,97.0,5.0,3.0,-1.0,4.0,6.0,4.0,3.0,9.0,3.0,6.0,4.0,26.0,4.0,17.0,2.0,30.0,67,6.0,31.0,5.0,33.0,-1.0,2.0,9.0,2.0,42,-1.0,3.0,4.0,4.0,5.0,1.0,2.0,1.0,1.0,33.0,1.0,8.0,16.0,12.0,5.0,14.0,8.0,5.0,35,96,10,10.0,13.0,-1.0,2.0,32.0,5.0,15.0,4.0,15.0,5.0,-1.0
2021/3/12,4.0,7.0,6.0,10.0,7.0,5.0,10.0,3.0,44,1.0,5.0,24.0,33.0,10.0,9.0,6.0,7.0,142,4.0,4.0,29.0,10.0,23.0,2.0,168,5.0,1.0,9.0,15,9.0,79.0,9.0,5.0,3.0,5.0,6.0,3.0,2.0,11.0,5.0,8.0,5.0,30.0,4.0,22.0,5.0,31.0,53,5.0,23.0,10.0,36.0,1.0,4.0,11.0,4.0,42,2.0,4.0,8.0,2.0,6.0,2.0,7.0,9.0,2.0,26.0,4.0,4.0,11.0,10.0,15.0,9.0,9.0,1.0,51,86,19,9.0,9.0,-1.0,-1.0,33.0,4.0,15.0,1.0,22.0,2.0,-1.0
2021/3/13,-1.0,3.0,7.0,2.0,6.0,5.0,5.0,2.0,38,-1.0,8.0,19.0,16.0,3.0,1.0,4.0,5.0,140,1.0,5.0,27.0,9.0,20.0,-1.0,130,1.0,1.0,6.0,16,4.0,60.0,15.0,1.0,1.0,2.0,4.0,5.0,3.0,12.0,1.0,9.0,-1.0,26.0,3.0,17.0,1.0,25.0,48,3.0,22.0,6.0,28.0,-1.0,-1.0,12.0,2.0,45,-1.0,1.0,10.0,-1.0,5.0,1.0,4.0,8.0,2.0,11.0,1.0,3.0,10.0,8.0,3.0,14.0,6.0,1.0,30,82,13,9.0,7.0,3.0,1.0,30.0,6.0,7.0,2.0,17.0,4.0,-1.0
2021/3/14,5.0,7.0,8.0,14.0,2.0,2.0,7.0,1.0,27,1.0,9.0,19.0,24.0,4.0,3.0,2.0,3.0,159,3.0,8.0,22.0,7.0,15.0,2.0,133,2.0,2.0,6.0,22,3.0,80.0,10.0,3.0,-1.0,2.0,7.0,4.0,-1.0,11.0,1.0,4.0,4.0,25.0,3.0,19.0,5.0,21.0,41,5.0,19.0,5.0,27.0,1.0,-1.0,9.0,5.0,28,-1.0,2.0,7.0,1.0,7.0,-1.0,1.0,4.0,2.0,26.0,4.0,2.0,7.0,7.0,5.0,9.0,8.0,3.0,36,81,28,8.0,12.0,1.0,-1.0,21.0,6.0,16.0,2.0,19.0,5.0,-1.0
2021/3/15,4.0,7.0,12.0,12.0,12.0,3.0,17.0,3.0,58,3.0,13.0,41.0,16.0,4.0,7.0,3.0,16.0,213,4.0,7.0,37.0,11.0,24.0,1.0,220,12.0,1.0,9.0,33,8.0,133.0,15.0,13.0,1.0,6.0,10.0,3.0,4.0,13.0,8.0,11.0,4.0,24.0,4.0,33.0,6.0,42.0,72,7.0,28.0,16.0,39.0,-1.0,1.0,25.0,5.0,59,4.0,6.0,6.0,2.0,7.0,5.0,4.0,15.0,4.0,32.0,4.0,6.0,12.0,11.0,6.0,10.0,9.0,6.0,50,114,42,11.0,16.0,-1.0,1.0,37.0,10.0,14.0,6.0,27.0,6.0,-1.0
2021/3/16,6.0,8.0,3.0,8.0,8.0,2.0,6.0,1.0,63,1.0,2.0,38.0,30.0,5.0,9.0,2.0,4.0,198,6.0,4.0,35.0,11.0,30.0,2.0,213,3.0,3.0,6.0,22,12.0,103.0,6.0,3.0,-1.0,2.0,11.0,5.0,2.0,13.0,-1.0,7.0,5.0,30.0,6.0,17.0,3.0,36.0,72,9.0,18.0,9.0,36.0,1.0,6.0,18.0,4.0,56,-1.0,1.0,10.0,-1.0,10.0,3.0,3.0,12.0,3.0,29.0,4.0,3.0,9.0,18.0,5.0,8.0,7.0,4.0,47,109,31,12.0,8.0,3.0,1.0,28.0,5.0,13.0,8.0,31.0,4.0,-1.0
2021/3/17,1.0,10.0,7.0,15.0,4.0,5.0,16.0,1.0,62,3.0,5.0,41.0,29.0,4.0,13.0,4.0,6.0,184,3.0,5.0,42.0,12.0,24.0,5.0,202,3.0,2.0,8.0,23,2.0,142.0,23.0,6.0,3.0,3.0,7.0,2.0,-1.0,17.0,6.0,11.0,14.0,30.0,1.0,27.0,4.0,53.0,83,3.0,19.0,12.0,26.0,3.0,1.0,14.0,3.0,41,1.0,3.0,15.0,-1.0,4.0,1.0,5.0,12.0,3.0,30.0,4.0,2.0,8.0,7.0,7.0,6.0,12.0,3.0,40,98,24,5.0,10.0,-1.0,3.0,37.0,17.0,9.0,5.0,18.0,4.0,-1.0
2021/3/18,3.0,8.0,10.0,13.0,7.0,4.0,14.0,2.0,59,1.0,5.0,41.0,21.0,7.0,3.0,4.0,12.0,167,5.0,4.0,22.0,11.0,13.0,5.0,187,3.0,5.0,11.0,20,7.0,106.0,13.0,5.0,-1.0,2.0,4.0,6.0,-1.0,10.0,5.0,14.0,16.0,15.0,7.0,32.0,2.0,42.0,86,5.0,26.0,9.0,19.0,2.0,2.0,9.0,3.0,55,-1.0,1.0,14.0,-1.0,8.0,2.0,4.0,11.0,2.0,26.0,4.0,5.0,13.0,14.0,2.0,5.0,-1.0,5.0,47,116,26,6.0,10.0,2.0,1.0,25.0,11.0,10.0,2.0,21.0,4.0,-1.0
2021/3/19,3.0,8.0,3.0,6.0,6.0,5.0,11.0,5.0,64,-1.0,5.0,30.0,20.0,2.0,5.0,5.0,3.0,176,2.0,3.0,23.0,14.0,18.0,2.0,176,2.0,1.0,13.0,8,3.0,106.0,19.0,5.0,-1.0,2.0,2.0,4.0,4.0,12.0,2.0,8.0,15.0,27.0,6.0,21.0,3.0,42.0,69,7.0,28.0,8.0,28.0,-1.0,1.0,15.0,3.0,54,1.0,2.0,5.0,-1.0,5.0,-1.0,4.0,8.0,4.0,32.0,7.0,1.0,9.0,13.0,4.0,8.0,5.0,3.0,33,96,16,1.0,16.0,-1.0,1.0,18.0,6.0,16.0,2.0,26.0,3.0,-1.0
2021/3/20,2.0,9.0,6.0,8.0,4.0,1.0,12.0,2.0,37,-1.0,7.0,30.0,11.0,4.0,4.0,1.0,2.0,152,4.0,6.0,32.0,9.0,6.0,2.0,154,8.0,1.0,8.0,19,4.0,80.0,17.0,2.0,1.0,3.0,2.0,3.0,-1.0,11.0,9.0,12.0,8.0,17.0,6.0,19.0,1.0,34.0,53,3.0,25.0,9.0,28.0,2.0,2.0,12.0,6.0,39,-1.0,3.0,9.0,2.0,8.0,1.0,4.0,12.0,2.0,29.0,6.0,2.0,17.0,14.0,6.0,3.0,7.0,5.0,44,86,12,7.0,8.0,1.0,-1.0,22.0,11.0,8.0,3.0,20.0,7.0,-1.0
2021/3/21,-1.0,13.0,7.0,10.0,2.0,1.0,18.0,-1.0,42,1.0,5.0,18.0,15.0,2.0,2.0,1.0,1.0,145,3.0,7.0,31.0,14.0,20.0,2.0,162,5.0,1.0,10.0,12,2.0,71.0,10.0,2.0,1.0,7.0,8.0,2.0,1.0,11.0,3.0,9.0,11.0,23.0,1.0,21.0,2.0,28.0,52,1.0,28.0,7.0,22.0,1.0,1.0,10.0,2.0,46,-1.0,1.0,9.0,-1.0,4.0,3.0,1.0,9.0,4.0,23.0,4.0,1.0,12.0,14.0,4.0,2.0,6.0,3.0,35,102,32,2.0,9.0,1.0,3.0,30.0,5.0,11.0,2.0,22.0,4.0,-1.0
2021/3/22,3.0,16.0,7.0,11.0,8.0,6.0,29.0,3.0,58,2.0,9.0,52.0,29.0,2.0,5.0,5.0,4.0,249,2.0,8.0,33.0,19.0,24.0,-1.0,246,7.0,3.0,9.0,21,4.0,121.0,22.0,3.0,-1.0,5.0,9.0,3.0,1.0,21.0,3.0,14.0,13.0,34.0,3.0,29.0,3.0,72.0,122,1.0,35.0,8.0,37.0,1.0,3.0,17.0,3.0,80,1.0,2.0,13.0,2.0,20.0,2.0,5.0,6.0,9.0,42.0,4.0,3.0,10.0,13.0,12.0,6.0,9.0,6.0,45,132,34,10.0,11.0,2.0,-1.0,41.0,5.0,19.0,4.0,19.0,4.0,-1.0
2021/3/23,5.0,16.0,6.0,11.0,15.0,8.0,14.0,1.0,55,4.0,9.0,71.0,20.0,3.0,14.0,5.0,3.0,222,10.0,10.0,43.0,19.0,27.0,3.0,235,9.0,8.0,11.0,28,5.0,99.0,8.0,3.0,4.0,6.0,4.0,4.0,1.0,17.0,6.0,16.0,18.0,32.0,6.0,22.0,7.0,49.0,109,11.0,39.0,4.0,38.0,-1.0,-1.0,10.0,6.0,77,-1.0,3.0,16.0,1.0,13.0,3.0,4.0,8.0,4.0,35.0,7.0,7.0,12.0,19.0,11.0,8.0,9.0,5.0,48,156,32,7.0,12.0,2.0,3.0,32.0,5.0,10.0,6.0,31.0,-1.0,-1.0
2021/3/24,1.0,24.0,8.0,7.0,14.0,2.0,14.0,2.0,51,2.0,8.0,38.0,25.0,2.0,8.0,6.0,3.0,244,4.0,6.0,49.0,14.0,25.0,1.0,277,7.0,7.0,11.0,27,4.0,97.0,26.0,5.0,2.0,3.0,5.0,4.0,1.0,9.0,4.0,14.0,5.0,27.0,3.0,28.0,7.0,68.0,148,6.0,38.0,11.0,50.0,2.0,1.0,18.0,4.0,74,1.0,5.0,12.0,-1.0,11.0,1.0,6.0,9.0,4.0,35.0,2.0,15.0,9.0,23.0,10.0,7.0,7.0,5.0,56,138,35,8.0,11.0,1.0,1.0,29.0,5.0,9.0,4.0,16.0,4.0,-1.0
2021/3/25,8.0,21.0,8.0,20.0,9.0,4.0,20.0,1.0,38,-1.0,5.0,33.0,25.0,5.0,13.0,5.0,3.0,229,3.0,6.0,47.0,19.0,37.0,4.0,250,10.0,1.0,12.0,31,1.0,101.0,25.0,6.0,1.0,1.0,5.0,5.0,1.0,11.0,7.0,15.0,13.0,41.0,4.0,29.0,2.0,64.0,120,4.0,32.0,14.0,34.0,2.0,1.0,14.0,3.0,80,-1.0,2.0,5.0,3.0,13.0,2.0,5.0,5.0,1.0,31.0,8.0,8.0,16.0,15.0,9.0,3.0,14.0,5.0,49,121,25,1.0,7.0,4.0,1.0,18.0,5.0,18.0,1.0,20.0,3.0,-1.0
2021/3/26,1.0,13.0,4.0,14.0,10.0,7.0,19.0,-1.0,38,2.0,5.0,32.0,24.0,2.0,8.0,2.0,2.0,182,8.0,3.0,44.0,11.0,26.0,-1.0,237,6.0,2.0,9.0,33,5.0,83.0,26.0,4.0,1.0,6.0,5.0,4.0,1.0,12.0,3.0,11.0,8.0,22.0,1.0,30.0,-1.0,45.0,144,4.0,42.0,12.0,31.0,2.0,2.0,14.0,5.0,68,1.0,4.0,14.0,1.0,8.0,-1.0,4.0,6.0,5.0,34.0,3.0,6.0,23.0,12.0,6.0,4.0,11.0,2.0,43,108,29,5.0,8.0,3.0,2.0,30.0,4.0,16.0,4.0,30.0,3.0,-1.0
2021/3/27,1.0,13.0,8.0,6.0,8.0,3.0,14.0,2.0,33,2.0,9.0,28.0,19.0,1.0,1.0,4.0,2.0,180,2.0,8.0,26.0,9.0,18.0,-1.0,214,4.0,4.0,11.0,26,6.0,70.0,23.0,3.0,1.0,2.0,2.0,4.0,1.0,6.0,-1.0,17.0,10.0,31.0,4.0,27.0,3.0,37.0,70,6.0,30.0,7.0,26.0,1.0,3.0,7.0,1.0,55,1.0,3.0,13.0,1.0,6.0,3.0,7.0,5.0,3.0,30.0,-1.0,3.0,12.0,11.0,6.0,6.0,4.0,1.0,37,101,32,2.0,10.0,5.0,-1.0,24.0,3.0,14.0,4.0,29.0,2.0,-1.0
2021/3/28,1.0,14.0,10.0,3.0,11.0,2.0,15.0,2.0,36,-1.0,5.0,24.0,25.0,2.0,4.0,3.0,9.0,184,7.0,3.0,32.0,12.0,21.0,3.0,213,6.0,5.0,13.0,33,4.0,75.0,25.0,2.0,1.0,7.0,3.0,1.0,1.0,8.0,4.0,8.0,2.0,37.0,3.0,26.0,-1.0,36.0,74,2.0,28.0,7.0,17.0,1.0,4.0,6.0,-1.0,70,1.0,4.0,18.0,-1.0,7.0,1.0,8.0,5.0,10.0,26.0,2.0,7.0,17.0,10.0,15.0,8.0,7.0,2.0,35,114,25,-1.0,10.0,4.0,1.0,27.0,3.0,5.0,2.0,26.0,5.0,-1.0
2021/3/29,2.0,24.0,7.0,18.0,10.0,8.0,11.0,4.0,49,1.0,4.0,43.0,35.0,3.0,17.0,5.0,2.0,260,6.0,4.0,47.0,16.0,34.0,2.0,268,7.0,3.0,18.0,44,5.0,107.0,20.0,4.0,2.0,7.0,5.0,3.0,1.0,5.0,5.0,11.0,6.0,33.0,9.0,44.0,5.0,57.0,118,4.0,36.0,9.0,38.0,2.0,4.0,15.0,4.0,56,2.0,8.0,16.0,1.0,11.0,4.0,1.0,10.0,6.0,36.0,3.0,22.0,16.0,12.0,15.0,15.0,11.0,4.0,63,128,50,6.0,8.0,2.0,-1.0,42.0,10.0,22.0,4.0,22.0,-1.0,-1.0
2021/3/30,3.0,20.0,11.0,15.0,11.0,8.0,15.0,3.0,45,2.0,4.0,46.0,15.0,4.0,14.0,2.0,7.0,272,11.0,4.0,44.0,19.0,36.0,4.0,254,9.0,6.0,10.0,59,2.0,120.0,24.0,7.0,2.0,5.0,2.0,2.0,-1.0,13.0,1.0,21.0,11.0,46.0,3.0,34.0,2.0,37.0,106,4.0,40.0,7.0,37.0,3.0,2.0,10.0,6.0,69,-1.0,4.0,14.0,1.0,11.0,2.0,-1.0,18.0,9.0,45.0,2.0,2.0,14.0,24.0,13.0,8.0,10.0,6.0,55,128,31,2.0,13.0,3.0,2.0,36.0,4.0,17.0,9.0,37.0,4.0,-1.0
2021/3/31,1.0,18.0,8.0,8.0,14.0,5.0,13.0,1.0,38,2.0,8.0,35.0,29.0,2.0,12.0,9.0,1.0,278,4.0,16.0,36.0,22.0,38.0,5.0,260,7.0,2.0,9.0,32,4.0,130.0,22.0,1.0,-1.0,4.0,4.0,5.0,-1.0,6.0,2.0,16.0,9.0,53.0,8.0,32.0,4.0,58.0,133,10.0,28.0,8.0,22.0,1.0,-1.0,13.0,3.0,60,1.0,5.0,10.0,-1.0,11.0,2.0,4.0,7.0,4.0,32.0,5.0,2.0,15.0,18.0,15.0,3.0,6.0,6.0,49,153,17,5.0,13.0,5.0,1.0,35.0,7.0,15.0,5.0,28.0,1.0,-1.0
2021/4/1,2.0,15.0,9.0,17.0,14.0,4.0,15.0,3.0,45,1.0,8.0,34.0,27.0,2.0,6.0,3.0,11.0,316,12.0,8.0,46.0,14.0,29.0,1.0,272,6.0,-1.0,8.0,37,2.0,115.0,23.0,4.0,2.0,1.0,2.0,-1.0,3.0,6.0,1.0,17.0,5.0,43.0,9.0,26.0,6.0,48.0,121,5.0,27.0,9.0,27.0,3.0,-1.0,8.0,2.0,84,-1.0,2.0,14.0,-1.0,10.0,-1.0,8.0,10.0,4.0,33.0,7.0,8.0,24.0,21.0,5.0,6.0,9.0,3.0,43,125,31,6.0,8.0,1.0,1.0,40.0,10.0,11.0,5.0,36.0,-1.0,-1.0
2021/4/2,4.0,18.0,3.0,17.0,10.0,12.0,15.0,5.0,36,1.0,4.0,36.0,13.0,4.0,5.0,3.0,3.0,273,2.0,8.0,44.0,15.0,34.0,1.0,256,7.0,-1.0,8.0,23,6.0,98.0,27.0,2.0,2.0,1.0,3.0,5.0,4.0,8.0,3.0,6.0,4.0,49.0,5.0,28.0,6.0,48.0,110,6.0,40.0,6.0,27.0,2.0,5.0,9.0,1.0,67,1.0,3.0,9.0,1.0,11.0,2.0,4.0,13.0,5.0,27.0,5.0,5.0,18.0,15.0,10.0,6.0,4.0,3.0,46,124,29,12.0,6.0,1.0,3.0,37.0,7.0,17.0,6.0,25.0,4.0,-1.0
2021/4/3,-1.0,13.0,5.0,6.0,11.0,2.0,11.0,-1.0,40,1.0,3.0,17.0,24.0,4.0,6.0,1.0,7.0,229,7.0,8.0,33.0,9.0,27.0,1.0,186,7.0,-1.0,10.0,18,2.0,60.0,18.0,2.0,-1.0,3.0,1.0,4.0,1.0,9.0,2.0,14.0,9.0,37.0,2.0,26.0,2.0,36.0,67,7.0,33.0,5.0,28.0,4.0,2.0,13.0,1.0,53,4.0,5.0,12.0,2.0,10.0,-1.0,3.0,9.0,3.0,22.0,3.0,4.0,14.0,14.0,9.0,8.0,14.0,5.0,33,104,18,5.0,10.0,1.0,3.0,30.0,3.0,14.0,6.0,19.0,2.0,-1.0
2021/4/4,3.0,13.0,5.0,2.0,8.0,3.0,14.0,1.0,37,-1.0,1.0,19.0,16.0,4.0,6.0,2.0,8.0,188,3.0,10.0,18.0,10.0,27.0,-1.0,204,8.0,3.0,11.0,16,1.0,46.0,11.0,2.0,-1.0,4.0,2.0,2.0,5.0,6.0,4.0,12.0,7.0,37.0,3.0,12.0,2.0,17.0,85,4.0,33.0,6.0,19.0,1.0,2.0,7.0,3.0,61,-1.0,3.0,11.0,-1.0,10.0,3.0,6.0,10.0,4.0,18.0,4.0,3.0,14.0,12.0,7.0,5.0,5.0,5.0,26,94,20,6.0,5.0,2.0,1.0,23.0,5.0,13.0,4.0,26.0,-1.0,-1.0
2021/4/5,2.0,26.0,5.0,21.0,15.0,9.0,13.0,4.0,61,4.0,7.0,41.0,21.0,3.0,31.0,2.0,4.0,387,12.0,5.0,45.0,21.0,39.0,1.0,347,8.0,2.0,13.0,38,7.0,129.0,24.0,7.0,1.0,9.0,5.0,2.0,4.0,10.0,4.0,16.0,17.0,60.0,4.0,42.0,4.0,77.0,170,6.0,46.0,9.0,31.0,4.0,8.0,11.0,4.0,101,1.0,5.0,15.0,-1.0,10.0,1.0,9.0,13.0,8.0,43.0,7.0,7.0,36.0,18.0,16.0,7.0,10.0,-1.0,73,140,36,13.0,16.0,5.0,1.0,51.0,4.0,20.0,9.0,38.0,4.0,-1.0
2021/4/6,2.0,10.0,6.0,23.0,17.0,4.0,14.0,4.0,44,1.0,8.0,41.0,20.0,5.0,17.0,-1.0,11.0,330,17.0,7.0,53.0,14.0,34.0,2.0,304,15.0,5.0,13.0,32,2.0,119.0,28.0,-1.0,1.0,4.0,2.0,3.0,3.0,12.0,12.0,19.0,13.0,46.0,6.0,22.0,3.0,73.0,118,15.0,49.0,6.0,54.0,2.0,4.0,15.0,2.0,89,3.0,2.0,9.0,1.0,7.0,-1.0,2.0,5.0,2.0,39.0,6.0,13.0,29.0,16.0,16.0,6.0,17.0,6.0,60,142,28,8.0,10.0,7.0,1.0,32.0,8.0,31.0,7.0,36.0,4.0,-1.0
2021/4/7,4.0,19.0,8.0,19.0,7.0,5.0,13.0,4.0,42,2.0,10.0,36.0,29.0,2.0,16.0,4.0,4.0,324,5.0,16.0,41.0,25.0,29.0,-1.0,308,12.0,3.0,17.0,28,8.0,109.0,27.0,5.0,-1.0,3.0,-1.0,2.0,5.0,9.0,3.0,20.0,11.0,42.0,3.0,31.0,3.0,68.0,148,20.0,48.0,11.0,39.0,2.0,4.0,22.0,-1.0,82,2.0,3.0,17.0,2.0,8.0,4.0,5.0,8.0,4.0,41.0,7.0,10.0,31.0,9.0,12.0,8.0,16.0,8.0,50,151,44,12.0,10.0,2.0,2.0,30.0,3.0,15.0,12.0,34.0,1.0,-1.0
2021/4/8,6.0,14.0,6.0,18.0,11.0,12.0,17.0,6.0,40,2.0,9.0,26.0,18.0,4.0,14.0,5.0,9.0,321,8.0,10.0,35.0,25.0,46.0,1.0,272,7.0,-1.0,11.0,34,2.0,99.0,20.0,3.0,2.0,6.0,2.0,-1.0,7.0,17.0,6.0,11.0,10.0,71.0,4.0,28.0,5.0,67.0,163,11.0,43.0,5.0,31.0,1.0,4.0,17.0,1.0,105,2.0,1.0,9.0,1.0,6.0,1.0,8.0,5.0,7.0,37.0,2.0,6.0,17.0,11.0,12.0,8.0,15.0,1.0,40,138,42,7.0,13.0,1.0,1.0,31.0,2.0,9.0,12.0,33.0,2.0,-1.0
2021/4/9,1.0,16.0,7.0,18.0,6.0,7.0,17.0,1.0,33,2.0,5.0,28.0,21.0,4.0,9.0,6.0,12.0,288,4.0,7.0,40.0,25.0,27.0,-1.0,254,12.0,-1.0,14.0,34,6.0,105.0,22.0,6.0,-1.0,6.0,-1.0,1.0,5.0,13.0,4.0,17.0,11.0,50.0,4.0,20.0,5.0,57.0,160,13.0,43.0,9.0,35.0,1.0,6.0,11.0,3.0,78,1.0,3.0,11.0,3.0,8.0,2.0,5.0,7.0,7.0,38.0,2.0,3.0,27.0,15.0,21.0,6.0,8.0,10.0,63,101,31,7.0,9.0,5.0,1.0,39.0,2.0,9.0,16.0,33.0,7.0,-1.0
2021/4/10,4.0,6.0,4.0,10.0,2.0,8.0,11.0,3.0,28,1.0,1.0,22.0,18.0,3.0,7.0,1.0,7.0,249,1.0,11.0,35.0,16.0,17.0,-1.0,176,4.0,-1.0,10.0,17,1.0,98.0,14.0,4.0,-1.0,-1.0,4.0,3.0,2.0,7.0,8.0,11.0,4.0,32.0,4.0,22.0,4.0,49.0,122,11.0,30.0,12.0,25.0,-1.0,4.0,7.0,-1.0,75,1.0,3.0,7.0,-1.0,6.0,2.0,2.0,7.0,6.0,30.0,3.0,5.0,23.0,7.0,12.0,4.0,6.0,1.0,47,103,29,11.0,8.0,1.0,1.0,26.0,6.0,9.0,13.0,21.0,1.0,-1.0
2021/4/11,4.0,11.0,3.0,16.0,2.0,3.0,15.0,2.0,20,2.0,7.0,24.0,10.0,10.0,8.0,2.0,6.0,207,4.0,8.0,30.0,27.0,25.0,1.0,190,9.0,-1.0,15.0,9,4.0,59.0,11.0,6.0,1.0,3.0,1.0,4.0,2.0,8.0,4.0,13.0,9.0,47.0,5.0,13.0,3.0,43.0,90,7.0,26.0,14.0,24.0,1.0,3.0,8.0,1.0,58,-1.0,1.0,14.0,-1.0,6.0,-1.0,4.0,4.0,3.0,25.0,1.0,1.0,12.0,11.0,11.0,1.0,7.0,2.0,29,95,15,4.0,9.0,-1.0,2.0,16.0,5.0,16.0,13.0,27.0,2.0,-1.0
2021/4/12,3.0,22.0,7.0,29.0,14.0,11.0,23.0,5.0,56,4.0,6.0,35.0,16.0,6.0,18.0,3.0,9.0,335,10.0,6.0,49.0,27.0,36.0,4.0,324,8.0,3.0,11.0,38,3.0,148.0,16.0,5.0,1.0,2.0,7.0,4.0,1.0,13.0,8.0,21.0,8.0,36.0,2.0,21.0,6.0,61.0,170,9.0,45.0,15.0,27.0,3.0,4.0,13.0,1.0,91,1.0,6.0,5.0,-1.0,6.0,-1.0,6.0,7.0,3.0,31.0,3.0,6.0,27.0,6.0,20.0,3.0,11.0,14.0,61,154,40,10.0,7.0,3.0,-1.0,24.0,2.0,13.0,16.0,31.0,8.0,-1.0
2021/4/13,4.0,12.0,6.0,26.0,6.0,10.0,10.0,3.0,45,2.0,5.0,20.0,20.0,6.0,13.0,2.0,8.0,334,8.0,7.0,37.0,14.0,36.0,-1.0,270,8.0,1.0,13.0,33,7.0,88.0,14.0,4.0,1.0,3.0,6.0,6.0,-1.0,6.0,4.0,21.0,11.0,31.0,4.0,25.0,2.0,63.0,128,5.0,41.0,13.0,18.0,-1.0,5.0,12.0,2.0,82,2.0,8.0,11.0,1.0,8.0,-1.0,4.0,6.0,1.0,25.0,7.0,11.0,13.0,16.0,14.0,8.0,14.0,8.0,39,128,27,8.0,10.0,1.0,-1.0,25.0,5.0,16.0,20.0,20.0,4.0,-1.0
2021/4/14,2.0,16.0,2.0,19.0,11.0,5.0,13.0,3.0,36,1.0,9.0,29.0,18.0,8.0,16.0,1.0,3.0,284,6.0,9.0,34.0,25.0,23.0,5.0,251,8.0,1.0,6.0,21,4.0,95.0,18.0,5.0,2.0,4.0,3.0,3.0,3.0,7.0,8.0,9.0,7.0,47.0,5.0,17.0,5.0,35.0,149,17.0,35.0,10.0,26.0,1.0,7.0,14.0,1.0,81,1.0,3.0,11.0,-1.0,7.0,2.0,2.0,10.0,1.0,35.0,5.0,3.0,17.0,3.0,3.0,5.0,10.0,7.0,48,133,27,4.0,4.0,-1.0,1.0,23.0,7.0,18.0,9.0,27.0,5.0,-1.0
2021/4/15,2.0,10.0,6.0,23.0,7.0,4.0,12.0,4.0,35,3.0,7.0,18.0,20.0,8.0,12.0,5.0,9.0,265,8.0,11.0,32.0,14.0,28.0,2.0,186,2.0,-1.0,6.0,25,4.0,115.0,10.0,5.0,1.0,1.0,2.0,4.0,5.0,9.0,1.0,17.0,9.0,42.0,5.0,25.0,6.0,45.0,148,6.0,32.0,3.0,22.0,-1.0,7.0,8.0,-1.0,70,4.0,1.0,2.0,1.0,7.0,1.0,3.0,6.0,2.0,25.0,4.0,6.0,14.0,4.0,5.0,4.0,14.0,9.0,43,105,22,6.0,7.0,1.0,-1.0,29.0,5.0,10.0,9.0,20.0,3.0,-1.0
2021/4/16,2.0,14.0,3.0,11.0,4.0,5.0,11.0,4.0,31,1.0,4.0,19.0,16.0,3.0,7.0,3.0,4.0,238,2.0,6.0,37.0,23.0,22.0,2.0,237,2.0,1.0,3.0,23,2.0,106.0,16.0,2.0,2.0,2.0,7.0,4.0,5.0,5.0,3.0,12.0,8.0,25.0,6.0,13.0,3.0,42.0,118,7.0,22.0,18.0,18.0,1.0,8.0,8.0,-1.0,61,2.0,6.0,7.0,-1.0,7.0,1.0,2.0,3.0,2.0,21.0,6.0,3.0,11.0,7.0,10.0,5.0,10.0,9.0,44,109,24,11.0,5.0,1.0,1.0,24.0,3.0,16.0,7.0,25.0,1.0,-1.0
2021/4/17,1.0,17.0,-1.0,10.0,5.0,3.0,14.0,3.0,21,4.0,6.0,14.0,7.0,3.0,11.0,2.0,8.0,179,-1.0,7.0,25.0,14.0,27.0,1.0,171,8.0,-1.0,3.0,15,5.0,60.0,6.0,-1.0,-1.0,3.0,-1.0,3.0,5.0,8.0,1.0,16.0,6.0,26.0,3.0,6.0,5.0,37.0,83,7.0,20.0,7.0,21.0,1.0,4.0,7.0,-1.0,69,-1.0,6.0,6.0,-1.0,5.0,-1.0,1.0,2.0,1.0,22.0,2.0,5.0,11.0,5.0,7.0,10.0,11.0,4.0,35,71,15,6.0,10.0,2.0,-1.0,21.0,4.0,6.0,7.0,17.0,3.0,-1.0
2021/4/18,5.0,12.0,7.0,14.0,1.0,6.0,12.0,1.0,17,-1.0,7.0,12.0,11.0,7.0,5.0,1.0,5.0,173,1.0,8.0,21.0,19.0,27.0,2.0,167,9.0,3.0,3.0,22,3.0,49.0,6.0,2.0,2.0,2.0,2.0,5.0,3.0,8.0,2.0,10.0,7.0,27.0,1.0,15.0,4.0,34.0,66,13.0,29.0,4.0,18.0,1.0,1.0,8.0,-1.0,51,-1.0,3.0,4.0,-1.0,7.0,2.0,4.0,4.0,3.0,16.0,2.0,1.0,18.0,5.0,7.0,5.0,6.0,3.0,29,86,18,3.0,6.0,1.0,-1.0,10.0,3.0,5.0,5.0,15.0,3.0,-1.0
2021/4/19,7.0,19.0,6.0,20.0,8.0,8.0,13.0,4.0,52,-1.0,4.0,25.0,11.0,9.0,17.0,7.0,5.0,284,7.0,11.0,37.0,24.0,27.0,2.0,254,10.0,1.0,8.0,26,7.0,112.0,15.0,5.0,1.0,1.0,6.0,3.0,6.0,13.0,4.0,10.0,7.0,46.0,7.0,22.0,5.0,59.0,121,9.0,41.0,7.0,25.0,3.0,10.0,13.0,-1.0,86,3.0,8.0,6.0,1.0,4.0,2.0,4.0,7.0,4.0,22.0,4.0,6.0,16.0,10.0,9.0,8.0,11.0,7.0,47,90,23,11.0,4.0,2.0,-1.0,20.0,8.0,11.0,5.0,17.0,5.0,-1.0
2021/4/20,4.0,11.0,6.0,20.0,13.0,9.0,14.0,1.0,25,1.0,6.0,16.0,22.0,6.0,11.0,1.0,5.0,263,5.0,11.0,31.0,16.0,26.0,-1.0,226,2.0,3.0,6.0,31,-1.0,99.0,14.0,2.0,1.0,3.0,4.0,4.0,3.0,6.0,3.0,7.0,5.0,48.0,-1.0,22.0,6.0,60.0,143,10.0,42.0,8.0,15.0,3.0,2.0,8.0,1.0,75,1.0,7.0,2.0,-1.0,3.0,-1.0,4.0,7.0,4.0,23.0,4.0,4.0,12.0,16.0,12.0,5.0,3.0,4.0,29,89,16,7.0,11.0,4.0,-1.0,21.0,4.0,7.0,10.0,17.0,3.0,-1.0
2021/4/21,8.0,11.0,5.0,15.0,4.0,6.0,18.0,4.0,27,1.0,3.0,22.0,16.0,10.0,6.0,2.0,8.0,269,5.0,11.0,29.0,14.0,20.0,3.0,197,6.0,-1.0,7.0,23,1.0,128.0,11.0,2.0,1.0,1.0,3.0,2.0,2.0,6.0,4.0,9.0,2.0,27.0,2.0,26.0,4.0,50.0,113,2.0,24.0,6.0,13.0,1.0,3.0,6.0,-1.0,80,1.0,5.0,8.0,1.0,4.0,-1.0,1.0,7.0,6.0,27.0,6.0,3.0,8.0,6.0,9.0,7.0,9.0,9.0,43,114,23,2.0,11.0,1.0,1.0,23.0,4.0,7.0,3.0,19.0,-1.0,-1.0
2021/4/22,5.0,7.0,7.0,22.0,10.0,9.0,11.0,3.0,36,1.0,6.0,11.0,11.0,1.0,9.0,-1.0,2.0,219,4.0,8.0,22.0,13.0,22.0,2.0,166,11.0,1.0,9.0,16,11.0,101.0,10.0,5.0,-1.0,6.0,3.0,3.0,3.0,7.0,2.0,9.0,4.0,22.0,6.0,10.0,5.0,42.0,113,2.0,33.0,3.0,21.0,2.0,4.0,12.0,-1.0,72,1.0,11.0,4.0,-1.0,7.0,3.0,3.0,7.0,1.0,15.0,3.0,4.0,19.0,5.0,12.0,7.0,8.0,1.0,48,87,33,8.0,8.0,-1.0,-1.0,13.0,1.0,5.0,4.0,14.0,1.0,-1.0
2021/4/23,2.0,12.0,4.0,15.0,6.0,9.0,17.0,1.0,34,1.0,2.0,22.0,15.0,2.0,19.0,2.0,2.0,227,6.0,9.0,26.0,17.0,19.0,2.0,178,6.0,1.0,9.0,19,3.0,95.0,11.0,7.0,1.0,5.0,-1.0,6.0,8.0,8.0,1.0,10.0,4.0,17.0,6.0,21.0,4.0,44.0,99,4.0,28.0,5.0,21.0,5.0,5.0,11.0,2.0,65,-1.0,8.0,8.0,-1.0,5.0,2.0,4.0,8.0,-1.0,24.0,5.0,1.0,14.0,8.0,10.0,6.0,8.0,3.0,40,69,32,6.0,7.0,3.0,2.0,16.0,2.0,5.0,6.0,7.0,2.0,-1.0
2021/4/24,3.0,19.0,3.0,13.0,3.0,6.0,14.0,5.0,11,-1.0,-1.0,18.0,19.0,4.0,3.0,2.0,3.0,186,-1.0,5.0,23.0,6.0,25.0,1.0,171,4.0,1.0,8.0,13,2.0,84.0,12.0,2.0,-1.0,2.0,3.0,3.0,4.0,5.0,2.0,3.0,2.0,22.0,6.0,13.0,4.0,19.0,63,1.0,25.0,2.0,15.0,1.0,4.0,7.0,3.0,60,-1.0,6.0,5.0,-1.0,9.0,2.0,8.0,9.0,-1.0,30.0,5.0,3.0,7.0,8.0,15.0,2.0,10.0,3.0,32,71,20,2.0,6.0,2.0,-1.0,26.0,2.0,6.0,8.0,16.0,2.0,-1.0
2021/4/25,7.0,14.0,3.0,10.0,6.0,3.0,14.0,-1.0,20,-1.0,9.0,11.0,16.0,5.0,5.0,1.0,2.0,202,2.0,6.0,15.0,7.0,18.0,1.0,123,5.0,3.0,3.0,13,5.0,73.0,11.0,2.0,2.0,2.0,1.0,1.0,2.0,4.0,-1.0,8.0,5.0,28.0,7.0,8.0,2.0,23.0,72,5.0,28.0,4.0,22.0,1.0,4.0,4.0,-1.0,41,-1.0,5.0,2.0,-1.0,4.0,2.0,1.0,6.0,2.0,13.0,7.0,-1.0,16.0,7.0,4.0,7.0,5.0,6.0,41,73,20,3.0,4.0,1.0,1.0,19.0,2.0,4.0,3.0,8.0,2.0,-1.0
2021/4/26,7.0,26.0,6.0,17.0,7.0,8.0,14.0,9.0,28,-1.0,9.0,14.0,29.0,12.0,20.0,4.0,12.0,258,3.0,7.0,42.0,20.0,31.0,2.0,221,4.0,1.0,15.0,30,8.0,98.0,12.0,4.0,2.0,4.0,5.0,6.0,-1.0,8.0,6.0,12.0,3.0,35.0,8.0,22.0,7.0,34.0,97,9.0,35.0,8.0,9.0,3.0,8.0,3.0,1.0,76,-1.0,9.0,2.0,-1.0,6.0,3.0,3.0,10.0,1.0,30.0,5.0,-1.0,18.0,5.0,7.0,4.0,11.0,8.0,56,90,41,3.0,13.0,5.0,2.0,27.0,5.0,18.0,2.0,13.0,1.0,-1.0
2021/4/27,5.0,18.0,7.0,19.0,3.0,12.0,15.0,2.0,30,1.0,7.0,20.0,17.0,5.0,15.0,1.0,3.0,261,5.0,9.0,27.0,12.0,30.0,3.0,175,7.0,1.0,5.0,18,5.0,115.0,10.0,5.0,1.0,6.0,5.0,-1.0,1.0,5.0,1.0,7.0,4.0,31.0,6.0,19.0,1.0,56.0,107,7.0,36.0,12.0,23.0,1.0,8.0,8.0,1.0,64,-1.0,2.0,4.0,1.0,5.0,3.0,1.0,11.0,2.0,28.0,10.0,1.0,25.0,3.0,6.0,5.0,8.0,5.0,36,88,19,4.0,3.0,4.0,1.0,23.0,2.0,12.0,10.0,18.0,2.0,-1.0
2021/4/28,5.0,14.0,4.0,15.0,7.0,7.0,18.0,4.0,20,3.0,13.0,12.0,16.0,3.0,17.0,-1.0,6.0,253,8.0,10.0,23.0,15.0,16.0,1.0,147,7.0,-1.0,5.0,17,1.0,86.0,9.0,4.0,3.0,3.0,4.0,1.0,1.0,4.0,-1.0,16.0,4.0,40.0,2.0,15.0,4.0,32.0,110,5.0,36.0,6.0,20.0,4.0,6.0,7.0,6.0,64,-1.0,4.0,11.0,-1.0,4.0,3.0,3.0,2.0,1.0,21.0,3.0,5.0,13.0,5.0,12.0,8.0,10.0,6.0,35,91,26,8.0,4.0,2.0,-1.0,16.0,2.0,12.0,5.0,19.0,-1.0,-1.0
2021/4/29,4.0,11.0,4.0,15.0,4.0,8.0,23.0,4.0,19,2.0,5.0,11.0,14.0,4.0,13.0,-1.0,2.0,201,6.0,10.0,27.0,13.0,26.0,3.0,166,4.0,1.0,9.0,20,9.0,78.0,2.0,1.0,1.0,3.0,2.0,3.0,4.0,6.0,4.0,10.0,3.0,29.0,2.0,10.0,5.0,39.0,92,11.0,32.0,8.0,21.0,1.0,3.0,3.0,1.0,61,-1.0,4.0,2.0,2.0,1.0,2.0,2.0,4.0,2.0,21.0,8.0,1.0,15.0,7.0,9.0,5.0,6.0,4.0,45,86,19,3.0,8.0,2.0,1.0,19.0,2.0,11.0,3.0,11.0,1.0,-1.0
2021/4/30,8.0,20.0,3.0,12.0,2.0,8.0,8.0,5.0,19,-1.0,3.0,14.0,19.0,4.0,18.0,1.0,2.0,195,6.0,4.0,19.0,13.0,11.0,-1.0,155,8.0,2.0,12.0,9,4.0,94.0,11.0,5.0,3.0,3.0,2.0,2.0,1.0,7.0,-1.0,16.0,4.0,25.0,2.0,12.0,3.0,34.0,101,13.0,35.0,13.0,10.0,1.0,4.0,5.0,2.0,57,-1.0,3.0,4.0,-1.0,1.0,2.0,-1.0,8.0,1.0,27.0,-1.0,2.0,15.0,6.0,5.0,6.0,4.0,3.0,55,68,15,6.0,3.0,-1.0,2.0,24.0,-1.0,9.0,4.0,18.0,-1.0,-1.0
2021/5/1,3.0,15.0,3.0,7.0,1.0,8.0,11.0,-1.0,26,-1.0,8.0,10.0,15.0,2.0,5.0,-1.0,5.0,174,2.0,4.0,15.0,10.0,24.0,2.0,107,5.0,-1.0,10.0,17,-1.0,47.0,5.0,3.0,2.0,-1.0,7.0,1.0,6.0,3.0,3.0,5.0,2.0,24.0,6.0,16.0,3.0,35.0,78,7.0,32.0,2.0,11.0,1.0,4.0,2.0,2.0,50,-1.0,3.0,1.0,-1.0,-1.0,1.0,1.0,11.0,4.0,14.0,2.0,5.0,11.0,2.0,4.0,4.0,3.0,9.0,29,63,7,4.0,4.0,2.0,2.0,11.0,7.0,10.0,5.0,23.0,-1.0,-1.0
2021/5/2,6.0,13.0,3.0,9.0,-1.0,8.0,15.0,3.0,16,3.0,5.0,7.0,12.0,3.0,7.0,2.0,8.0,136,-1.0,12.0,14.0,10.0,37.0,2.0,132,7.0,2.0,2.0,15,2.0,54.0,8.0,3.0,-1.0,-1.0,5.0,-1.0,3.0,4.0,-1.0,4.0,4.0,27.0,4.0,18.0,5.0,32.0,47,5.0,26.0,5.0,15.0,3.0,1.0,4.0,2.0,35,-1.0,2.0,1.0,-1.0,4.0,2.0,1.0,4.0,1.0,20.0,2.0,6.0,9.0,6.0,7.0,6.0,5.0,3.0,20,56,14,5.0,4.0,-1.0,1.0,17.0,5.0,11.0,3.0,13.0,2.0,-1.0
2021/5/3,5.0,21.0,1.0,17.0,2.0,8.0,15.0,6.0,27,1.0,8.0,22.0,14.0,8.0,18.0,6.0,7.0,236,6.0,7.0,20.0,21.0,24.0,3.0,160,9.0,3.0,4.0,25,6.0,66.0,1.0,2.0,2.0,3.0,5.0,2.0,3.0,3.0,1.0,14.0,5.0,32.0,2.0,8.0,2.0,51.0,94,3.0,44.0,12.0,22.0,1.0,1.0,11.0,5.0,78,1.0,1.0,4.0,-1.0,7.0,3.0,1.0,7.0,-1.0,22.0,4.0,6.0,22.0,7.0,8.0,4.0,6.0,4.0,63,87,22,3.0,2.0,2.0,3.0,19.0,5.0,19.0,8.0,16.0,3.0,-1.0
2021/5/4,1.0,12.0,4.0,12.0,3.0,7.0,6.0,4.0,32,1.0,1.0,12.0,22.0,6.0,14.0,3.0,2.0,244,8.0,9.0,16.0,11.0,24.0,5.0,161,5.0,1.0,4.0,26,3.0,75.0,3.0,2.0,1.0,2.0,4.0,2.0,1.0,6.0,1.0,17.0,6.0,40.0,3.0,10.0,2.0,38.0,87,1.0,28.0,8.0,13.0,1.0,2.0,4.0,3.0,62,-1.0,2.0,3.0,-1.0,2.0,4.0,2.0,7.0,1.0,19.0,4.0,5.0,20.0,4.0,5.0,4.0,10.0,4.0,48,81,21,7.0,1.0,4.0,3.0,16.0,5.0,9.0,4.0,19.0,2.0,-1.0
2021/5/5,6.0,19.0,7.0,12.0,5.0,6.0,13.0,9.0,30,-1.0,8.0,14.0,17.0,7.0,16.0,2.0,1.0,201,7.0,3.0,4.0,12.0,17.0,1.0,142,8.0,1.0,11.0,7,2.0,86.0,7.0,2.0,2.0,-1.0,6.0,3.0,3.0,4.0,1.0,9.0,4.0,33.0,2.0,9.0,2.0,39.0,65,2.0,35.0,8.0,22.0,2.0,1.0,6.0,1.0,55,1.0,8.0,4.0,1.0,3.0,3.0,3.0,6.0,-1.0,12.0,4.0,2.0,7.0,6.0,1.0,5.0,3.0,-1.0,65,82,20,5.0,4.0,3.0,-1.0,17.0,5.0,13.0,3.0,7.0,1.0,-1.0
2021/5/6,2.0,10.0,1.0,11.0,3.0,8.0,18.0,3.0,17,1.0,5.0,9.0,14.0,3.0,10.0,1.0,1.0,190,4.0,5.0,7.0,11.0,16.0,4.0,130,5.0,2.0,12.0,17,2.0,78.0,12.0,1.0,3.0,1.0,3.0,2.0,3.0,4.0,3.0,3.0,4.0,24.0,10.0,11.0,3.0,27.0,63,3.0,37.0,6.0,10.0,1.0,2.0,4.0,1.0,60,-1.0,6.0,7.0,2.0,-1.0,-1.0,1.0,6.0,1.0,9.0,2.0,6.0,7.0,7.0,7.0,8.0,4.0,3.0,57,64,25,4.0,4.0,1.0,1.0,19.0,2.0,9.0,6.0,13.0,2.0,-1.0
2021/5/7,1.0,11.0,6.0,15.0,5.0,9.0,12.0,11.0,27,1.0,2.0,11.0,17.0,5.0,9.0,2.0,1.0,137,4.0,3.0,8.0,7.0,12.0,1.0,120,3.0,2.0,5.0,10,2.0,58.0,6.0,3.0,5.0,3.0,1.0,1.0,8.0,1.0,1.0,4.0,1.0,22.0,3.0,8.0,3.0,23.0,62,6.0,25.0,4.0,6.0,-1.0,2.0,5.0,1.0,54,1.0,1.0,4.0,-1.0,2.0,1.0,1.0,8.0,-1.0,15.0,-1.0,4.0,11.0,6.0,3.0,3.0,7.0,6.0,40,58,13,3.0,1.0,-1.0,1.0,17.0,2.0,10.0,3.0,7.0,-1.0,-1.0
2021/5/8,2.0,12.0,4.0,10.0,-1.0,6.0,10.0,-1.0,22,2.0,4.0,8.0,9.0,2.0,12.0,1.0,2.0,116,-1.0,7.0,13.0,8.0,16.0,1.0,117,6.0,2.0,6.0,6,4.0,52.0,1.0,-1.0,2.0,2.0,2.0,3.0,1.0,8.0,-1.0,5.0,3.0,22.0,6.0,3.0,2.0,15.0,54,3.0,20.0,4.0,10.0,1.0,3.0,4.0,-1.0,42,1.0,-1.0,2.0,-1.0,2.0,2.0,1.0,-1.0,1.0,17.0,2.0,3.0,11.0,5.0,3.0,1.0,4.0,2.0,27,50,15,7.0,1.0,-1.0,4.0,12.0,4.0,7.0,3.0,10.0,1.0,-1.0
2021/5/9,3.0,7.0,6.0,5.0,3.0,3.0,6.0,5.0,23,3.0,1.0,10.0,4.0,3.0,8.0,1.0,2.0,127,2.0,8.0,8.0,9.0,10.0,2.0,105,4.0,2.0,2.0,4,1.0,31.0,4.0,1.0,2.0,1.0,2.0,2.0,2.0,3.0,1.0,5.0,2.0,18.0,4.0,7.0,3.0,12.0,35,6.0,23.0,3.0,9.0,1.0,1.0,3.0,1.0,33,-1.0,2.0,5.0,-1.0,1.0,4.0,1.0,3.0,3.0,13.0,-1.0,1.0,13.0,3.0,2.0,4.0,2.0,1.0,36,41,14,3.0,1.0,1.0,-1.0,13.0,1.0,6.0,2.0,1.0,3.0,-1.0
2021/5/10,1.0,11.0,11.0,20.0,4.0,7.0,10.0,4.0,22,1.0,1.0,17.0,20.0,2.0,12.0,3.0,9.0,177,4.0,7.0,11.0,8.0,21.0,3.0,124,2.0,2.0,10.0,12,5.0,54.0,2.0,2.0,1.0,3.0,7.0,1.0,4.0,5.0,2.0,7.0,2.0,19.0,10.0,7.0,3.0,32.0,73,2.0,45.0,4.0,23.0,1.0,4.0,5.0,1.0,56,1.0,2.0,2.0,-1.0,1.0,2.0,2.0,4.0,-1.0,21.0,4.0,3.0,6.0,2.0,3.0,7.0,5.0,2.0,59,63,21,6.0,3.0,3.0,4.0,10.0,5.0,16.0,12.0,27.0,1.0,-1.0
2021/5/11,2.0,15.0,9.0,13.0,2.0,7.0,4.0,3.0,18,2.0,2.0,11.0,8.0,2.0,6.0,2.0,2.0,163,3.0,7.0,16.0,4.0,16.0,2.0,127,2.0,2.0,9.0,8,1.0,68.0,2.0,1.0,2.0,1.0,-1.0,2.0,3.0,4.0,4.0,13.0,4.0,24.0,6.0,10.0,-1.0,35.0,48,6.0,28.0,5.0,16.0,-1.0,2.0,5.0,1.0,64,1.0,2.0,3.0,1.0,3.0,2.0,1.0,1.0,4.0,12.0,1.0,2.0,5.0,3.0,6.0,5.0,4.0,2.0,33,50,18,4.0,3.0,3.0,2.0,9.0,1.0,10.0,8.0,6.0,1.0,-1.0
2021/5/12,2.0,4.0,2.0,16.0,2.0,3.0,7.0,8.0,20,-1.0,5.0,8.0,8.0,1.0,15.0,2.0,3.0,154,2.0,5.0,11.0,9.0,14.0,2.0,131,4.0,1.0,7.0,9,1.0,47.0,4.0,1.0,2.0,2.0,3.0,1.0,3.0,2.0,2.0,3.0,1.0,22.0,1.0,9.0,2.0,29.0,55,6.0,40.0,5.0,12.0,3.0,-1.0,3.0,-1.0,51,1.0,2.0,3.0,-1.0,6.0,3.0,1.0,4.0,1.0,14.0,2.0,2.0,5.0,4.0,2.0,8.0,1.0,-1.0,43,55,19,2.0,10.0,-1.0,1.0,8.0,6.0,8.0,1.0,9.0,1.0,-1.0
2021/5/13,1.0,14.0,8.0,10.0,-1.0,1.0,3.0,4.0,19,2.0,3.0,14.0,11.0,2.0,15.0,1.0,5.0,133,2.0,4.0,9.0,8.0,25.0,3.0,94,1.0,2.0,8.0,9,6.0,51.0,4.0,1.0,1.0,4.0,2.0,2.0,-1.0,4.0,2.0,3.0,5.0,16.0,4.0,6.0,1.0,30.0,49,2.0,29.0,4.0,12.0,2.0,1.0,1.0,-1.0,36,-1.0,1.0,-1.0,3.0,1.0,1.0,-1.0,1.0,3.0,7.0,-1.0,3.0,11.0,1.0,6.0,7.0,3.0,-1.0,37,48,16,2.0,20.0,1.0,1.0,9.0,3.0,9.0,3.0,6.0,1.0,-1.0
2021/5/14,-1.0,12.0,8.0,11.0,2.0,3.0,8.0,3.0,21,2.0,9.0,14.0,12.0,1.0,9.0,1.0,1.0,137,2.0,5.0,11.0,7.0,11.0,1.0,87,2.0,2.0,9.0,7,5.0,48.0,4.0,3.0,1.0,-1.0,1.0,-1.0,3.0,1.0,2.0,9.0,3.0,18.0,4.0,9.0,5.0,21.0,40,6.0,23.0,5.0,8.0,1.0,1.0,6.0,-1.0,39,-1.0,2.0,6.0,-1.0,-1.0,1.0,2.0,5.0,2.0,11.0,4.0,4.0,5.0,4.0,3.0,4.0,-1.0,2.0,50,53,30,6.0,3.0,-1.0,2.0,14.0,5.0,13.0,4.0,5.0,3.0,-1.0
2021/5/15,-1.0,3.0,7.0,10.0,1.0,1.0,2.0,1.0,19,1.0,5.0,3.0,6.0,4.0,6.0,2.0,1.0,107,-1.0,3.0,7.0,7.0,7.0,1.0,79,4.0,2.0,1.0,3,2.0,36.0,2.0,2.0,1.0,-1.0,1.0,1.0,3.0,6.0,2.0,3.0,1.0,14.0,4.0,10.0,-1.0,16.0,44,3.0,25.0,-1.0,11.0,1.0,2.0,8.0,3.0,29,1.0,2.0,4.0,1.0,7.0,1.0,-1.0,5.0,-1.0,14.0,2.0,-1.0,8.0,-1.0,6.0,2.0,1.0,-1.0,32,34,13,3.0,5.0,-1.0,2.0,12.0,3.0,3.0,3.0,6.0,1.0,-1.0
2021/5/16,1.0,4.0,6.0,7.0,-1.0,-1.0,17.0,1.0,9,-1.0,5.0,8.0,8.0,2.0,2.0,3.0,-1.0,103,1.0,2.0,9.0,6.0,10.0,-1.0,88,7.0,3.0,7.0,3,1.0,32.0,3.0,1.0,2.0,-1.0,2.0,2.0,-1.0,2.0,1.0,5.0,1.0,20.0,2.0,8.0,1.0,18.0,42,8.0,17.0,3.0,10.0,2.0,1.0,7.0,2.0,19,-1.0,1.0,3.0,2.0,3.0,2.0,-1.0,2.0,4.0,15.0,3.0,3.0,12.0,3.0,4.0,4.0,2.0,1.0,41,29,11,7.0,8.0,3.0,-1.0,11.0,3.0,2.0,-1.0,6.0,-1.0,-1.0
2021/5/17,-1.0,6.0,9.0,16.0,-1.0,8.0,3.0,3.0,21,2.0,2.0,9.0,13.0,5.0,10.0,1.0,3.0,134,1.0,6.0,5.0,5.0,16.0,-1.0,103,9.0,4.0,9.0,5,3.0,42.0,5.0,1.0,4.0,1.0,-1.0,4.0,2.0,5.0,2.0,8.0,4.0,15.0,12.0,16.0,6.0,28.0,45,6.0,34.0,3.0,11.0,-1.0,4.0,4.0,1.0,45,1.0,4.0,5.0,-1.0,4.0,1.0,1.0,2.0,1.0,16.0,1.0,1.0,12.0,3.0,3.0,3.0,3.0,7.0,47,58,23,3.0,6.0,-1.0,-1.0,22.0,4.0,13.0,1.0,7.0,4.0,-1.0
2021/5/18,2.0,9.0,7.0,11.0,-1.0,1.0,7.0,4.0,16,1.0,5.0,13.0,17.0,1.0,7.0,1.0,-1.0,138,-1.0,4.0,5.0,5.0,13.0,-1.0,102,5.0,1.0,3.0,10,3.0,43.0,5.0,-1.0,1.0,1.0,1.0,1.0,1.0,4.0,2.0,4.0,1.0,14.0,4.0,12.0,2.0,36.0,25,1.0,32.0,2.0,14.0,2.0,1.0,6.0,-1.0,30,-1.0,7.0,1.0,-1.0,1.0,3.0,-1.0,3.0,3.0,13.0,3.0,2.0,11.0,7.0,4.0,3.0,1.0,3.0,46,47,26,8.0,5.0,5.0,1.0,6.0,3.0,9.0,7.0,5.0,1.0,-1.0
2021/5/19,3.0,6.0,2.0,18.0,-1.0,5.0,10.0,1.0,16,2.0,3.0,4.0,13.0,-1.0,10.0,-1.0,2.0,107,7.0,6.0,10.0,8.0,6.0,2.0,90,4.0,3.0,4.0,4,2.0,40.0,3.0,1.0,-1.0,1.0,3.0,2.0,1.0,2.0,-1.0,5.0,2.0,19.0,-1.0,8.0,2.0,25.0,31,1.0,38.0,4.0,8.0,-1.0,2.0,5.0,1.0,33,-1.0,-1.0,2.0,-1.0,1.0,-1.0,-1.0,2.0,1.0,26.0,3.0,1.0,11.0,4.0,5.0,9.0,-1.0,3.0,33,45,12,9.0,9.0,2.0,-1.0,20.0,3.0,10.0,1.0,9.0,3.0,-1.0
2021/5/20,2.0,2.0,4.0,9.0,2.0,3.0,6.0,2.0,8,2.0,4.0,3.0,19.0,4.0,6.0,-1.0,-1.0,103,4.0,2.0,5.0,3.0,10.0,2.0,78,3.0,1.0,6.0,7,3.0,53.0,2.0,2.0,1.0,-1.0,2.0,-1.0,3.0,1.0,-1.0,5.0,1.0,17.0,7.0,10.0,2.0,34.0,28,3.0,25.0,3.0,5.0,-1.0,5.0,6.0,1.0,20,-1.0,1.0,1.0,1.0,2.0,2.0,-1.0,3.0,3.0,11.0,-1.0,-1.0,3.0,1.0,5.0,1.0,1.0,2.0,35,43,16,4.0,4.0,-1.0,-1.0,12.0,11.0,8.0,1.0,4.0,1.0,-1.0
2021/5/21,1.0,6.0,-1.0,8.0,1.0,2.0,3.0,3.0,11,-1.0,2.0,6.0,10.0,2.0,3.0,-1.0,4.0,107,2.0,5.0,5.0,5.0,7.0,-1.0,65,-1.0,1.0,6.0,7,1.0,38.0,4.0,2.0,1.0,1.0,2.0,4.0,7.0,2.0,1.0,1.0,4.0,10.0,9.0,2.0,1.0,13.0,20,-1.0,24.0,3.0,13.0,4.0,1.0,4.0,1.0,32,-1.0,1.0,3.0,-1.0,1.0,-1.0,-1.0,5.0,-1.0,8.0,1.0,1.0,6.0,4.0,5.0,5.0,1.0,1.0,23,41,17,4.0,2.0,3.0,-1.0,8.0,6.0,9.0,1.0,4.0,1.0,-1.0
2021/5/22,-1.0,5.0,3.0,3.0,1.0,2.0,2.0,-1.0,11,1.0,2.0,2.0,7.0,1.0,5.0,-1.0,-1.0,65,3.0,-1.0,9.0,3.0,7.0,-1.0,38,1.0,1.0,-1.0,5,4.0,12.0,1.0,2.0,3.0,1.0,2.0,-1.0,2.0,-1.0,-1.0,1.0,2.0,16.0,5.0,6.0,1.0,12.0,14,-1.0,14.0,1.0,2.0,-1.0,1.0,-1.0,2.0,22,-1.0,-1.0,1.0,1.0,-1.0,-1.0,1.0,-1.0,1.0,11.0,-1.0,-1.0,7.0,1.0,-1.0,-1.0,-1.0,1.0,23,22,16,-1.0,3.0,2.0,-1.0,8.0,1.0,6.0,-1.0,3.0,-1.0,-1.0
2021/5/23,-1.0,3.0,1.0,8.0,-1.0,-1.0,2.0,-1.0,6,-1.0,5.0,6.0,8.0,2.0,3.0,-1.0,1.0,62,1.0,2.0,6.0,6.0,4.0,2.0,38,1.0,-1.0,6.0,3,-1.0,13.0,1.0,2.0,3.0,1.0,-1.0,-1.0,-1.0,2.0,1.0,2.0,1.0,4.0,4.0,2.0,-1.0,19.0,15,-1.0,12.0,2.0,1.0,-1.0,-1.0,6.0,1.0,7,1.0,3.0,2.0,-1.0,-1.0,-1.0,1.0,-1.0,1.0,7.0,3.0,1.0,2.0,-1.0,3.0,3.0,1.0,-1.0,10,14,5,1.0,1.0,1.0,-1.0,3.0,3.0,6.0,2.0,5.0,-1.0,-1.0
2021/5/24,1.0,7.0,5.0,10.0,1.0,2.0,3.0,1.0,13,2.0,7.0,12.0,7.0,1.0,6.0,-1.0,-1.0,101,3.0,-1.0,9.0,4.0,6.0,2.0,82,1.0,-1.0,3.0,6,-1.0,27.0,2.0,1.0,2.0,-1.0,-1.0,-1.0,5.0,3.0,3.0,3.0,3.0,13.0,3.0,6.0,1.0,25.0,16,1.0,26.0,13.0,6.0,-1.0,1.0,11.0,1.0,23,-1.0,2.0,1.0,2.0,2.0,-1.0,-1.0,-1.0,-1.0,12.0,-1.0,3.0,4.0,1.0,1.0,3.0,6.0,1.0,27,42,6,3.0,4.0,2.0,-1.0,7.0,4.0,6.0,-1.0,7.0,1.0,-1.0
2021/5/25,-1.0,1.0,-1.0,4.0,-1.0,1.0,3.0,-1.0,9,-1.0,-1.0,2.0,9.0,-1.0,3.0,-1.0,-1.0,58,-1.0,1.0,8.0,3.0,11.0,1.0,52,1.0,1.0,3.0,8,1.0,14.0,-1.0,1.0,1.0,1.0,-1.0,-1.0,-1.0,1.0,2.0,2.0,3.0,7.0,3.0,1.0,2.0,11.0,10,3.0,17.0,3.0,1.0,1.0,-1.0,3.0,-1.0,20,-1.0,-1.0,4.0,-1.0,-1.0,-1.0,1.0,2.0,1.0,11.0,-1.0,-1.0,4.0,-1.0,1.0,2.0,1.0,-1.0,10,12,9,-1.0,-1.0,2.0,-1.0,6.0,2.0,6.0,1.0,3.0,1.0,-1.0
2021/5/26,-1.0,-1.0,-1.0,-1.0,-1.0,-1.0,-1.0,-1.0,1,-1.0,-1.0,-1.0,-1.0,-1.0,-1.0,-1.0,-1.0,1,1.0,-1.0,-1.0,-1.0,-1.0,-1.0,1,-1.0,-1.0,-1.0,1,-1.0,-1.0,-1.0,-1.0,-1.0,-1.0,1.0,-1.0,-1.0,-1.0,-1.0,-1.0,-1.0,-1.0,1.0,-1.0,-1.0,-1.0,1,-1.0,-1.0,-1.0,-1.0,-1.0,-1.0,-1.0,1.0,2,-1.0,-1.0,-1.0,-1.0,-1.0,-1.0,-1.0,-1.0,-1.0,-1.0,-1.0,-1.0,-1.0,-1.0,-1.0,-1.0,-1.0,-1.0,1,1,1,-1.0,-1.0,-1.0,-1.0,-1.0,-1.0,-1.0,-1.0,-1.0,-1.0,-1.0
