Day of Onset Dt,Adams,Allen,Ashland,Ashtabula,Athens,Auglaize,Belmont,Brown,Butler,Carroll,Champaign,Clark,Clermont,Clinton,Columbiana,Coshocton,Crawford,Cuyahoga,Darke,Defiance,Delaware,Erie,Fairfield,Fayette,Franklin,Fulton,Gallia,Geauga,Greene,Guernsey,Hamilton,Hancock,Hardin,Harrison,Henry,Highland,Hocking,Holmes,Huron,Jackson,Jefferson,Knox,Lake,Lawrence,Licking,Logan,Lorain,Lucas,Madison,Mahoning,Marion,Medina,Meigs,Mercer,Miami,Monroe,Montgomery,Morgan,Morrow,Muskingum,Noble,Ottawa,Paulding,Perry,Pickaway,Pike,Portage,Preble,Putnam,Richland,Ross,Sandusky,Scioto,Seneca,Shelby,Stark,Summit,Trumbull,Tuscarawas,Union,Van Wert,Vinton,Warren,Washington,Wayne,Williams,Wood,Wyandot,Wyandot
10/1/20,6,24,10,2,27,7,1,2,89,3,1,21,33,1,3,2,6,64,15,6,25,9,22,13,141,6,2,2,21,3,96,5,3,,10,4,1,10,13,6,3,4,6,7,26,5,6,30,8,20,10,5,1,9,15,,100,1,1,10,1,1,,5,10,1,17,5,5,9,15,3,11,2,4,44,53,17,13,11,1,,28,1,5,1,24,3,3
10/2/20,5,23,5,2,22,17,2,4,72,3,1,29,18,5,8,1,3,77,9,,18,6,24,2,135,8,5,5,33,10,129,6,3,1,6,9,2,4,4,7,5,4,10,8,16,3,16,39,8,35,8,13,1,21,20,1,139,1,,19,1,2,3,4,13,5,22,,13,34,14,7,22,5,12,35,46,15,6,5,5,,35,2,15,6,14,5,5
10/3/20,,23,5,2,17,12,3,1,71,1,1,22,28,2,6,1,5,61,13,4,20,8,14,7,153,7,3,1,22,2,107,5,,,11,15,1,6,3,4,3,,11,10,12,1,13,33,5,16,10,5,2,11,22,1,59,,2,25,4,3,3,,5,3,12,7,7,12,21,2,8,2,6,25,39,5,10,21,2,1,33,,7,5,13,1,1
10/4/20,1,18,3,,28,12,,2,55,,4,20,19,4,7,3,7,56,12,9,20,7,14,11,144,9,2,1,22,4,101,8,3,1,3,3,1,3,5,3,4,2,6,5,17,3,15,28,9,10,8,9,1,11,11,,53,1,3,10,7,2,1,2,5,4,11,6,17,9,16,7,8,5,8,24,38,8,7,4,4,4,20,2,13,5,19,4,4
10/5/20,3,39,10,2,33,11,4,7,110,2,8,29,38,4,8,12,7,107,20,5,24,12,14,13,211,8,6,5,23,6,180,32,4,,6,12,1,14,7,8,11,5,11,7,29,5,16,54,15,30,11,12,2,17,34,,133,1,8,18,1,9,1,2,10,5,26,9,11,15,21,2,22,3,6,39,76,15,28,3,10,3,57,2,16,8,22,4,4
10/6/20,2,26,7,1,25,11,2,2,104,1,5,47,31,3,4,6,8,123,13,6,20,7,23,12,220,18,2,2,42,7,179,11,8,,6,9,,6,6,6,3,6,11,6,52,1,12,39,10,23,8,23,1,17,28,1,140,1,4,11,3,11,4,6,14,6,31,9,13,17,15,3,17,5,16,32,58,10,10,6,8,1,62,4,21,5,25,8,8
10/7/20,4,40,12,2,27,27,4,7,121,3,4,25,35,4,6,2,20,100,19,3,27,6,28,9,212,7,3,5,44,6,174,13,2,,4,8,1,13,4,16,8,2,15,24,30,6,15,37,9,19,10,20,,10,24,4,106,3,3,18,5,7,4,2,11,4,20,11,18,16,25,16,6,9,11,58,77,12,14,8,8,1,51,7,32,7,15,2,2
10/8/20,5,33,4,2,19,18,3,6,112,1,6,36,30,9,12,4,8,132,6,4,18,5,24,12,183,9,2,2,40,11,161,9,2,,7,9,1,17,11,4,9,1,11,9,29,6,16,47,11,18,17,16,,15,21,4,103,,4,16,13,3,5,2,27,2,25,5,17,15,24,9,13,7,11,55,54,9,13,12,4,1,53,7,26,1,14,3,3
10/9/20,8,31,6,4,24,21,5,6,135,3,3,40,41,13,10,6,6,106,5,9,19,8,22,9,173,13,4,12,40,11,166,11,5,1,6,17,2,8,6,12,10,6,14,6,25,8,14,40,10,36,13,22,3,16,35,2,116,,5,27,6,6,7,3,17,7,19,10,23,20,37,8,18,7,12,36,74,15,22,14,6,4,53,7,22,5,23,9,9
10/10/20,5,37,2,1,12,22,2,5,93,2,7,31,31,11,7,5,8,102,9,2,14,9,21,7,167,8,2,8,24,6,120,10,3,,3,4,,18,8,9,1,3,14,14,24,5,8,28,3,23,9,12,,12,18,,112,2,9,11,1,4,4,4,12,4,11,8,12,10,21,4,11,10,8,23,58,13,23,13,8,2,29,1,30,3,19,4,4
10/11/20,2,32,4,2,22,25,4,2,69,,4,23,34,9,4,3,9,96,16,2,7,6,13,6,168,4,5,5,27,7,112,13,1,1,1,6,2,9,8,14,1,6,10,10,28,7,9,31,6,21,9,22,3,15,16,3,82,4,3,15,3,4,8,3,6,8,20,10,14,15,18,4,12,12,11,25,62,8,11,7,6,5,46,4,33,5,26,3,3
10/12/20,8,54,8,7,28,36,7,2,124,1,2,48,44,7,16,2,21,124,16,5,36,18,33,14,241,23,4,12,43,8,220,28,5,2,8,9,1,20,7,15,8,11,20,26,51,8,36,62,6,48,12,32,1,21,27,8,145,2,4,24,6,10,5,2,55,7,21,13,26,16,33,5,26,6,13,58,126,21,31,12,13,,68,11,54,11,34,5,5
10/13/20,1,34,5,8,23,30,3,7,113,1,2,29,41,5,9,6,14,132,15,5,41,7,27,9,265,14,6,14,51,4,261,15,5,2,11,10,3,16,6,9,11,6,16,15,42,9,16,62,7,39,21,28,3,11,28,3,154,2,9,13,9,3,9,2,17,4,25,4,20,25,33,9,19,8,7,49,76,25,16,12,7,,56,6,39,10,30,5,5
10/14/20,2,51,7,4,19,20,7,8,105,3,3,32,47,10,12,4,15,154,12,2,36,8,38,11,236,9,5,9,45,12,213,30,6,,11,6,1,26,3,14,4,5,27,14,49,3,30,51,9,30,19,20,3,11,29,7,148,,6,38,4,8,4,2,19,1,16,18,22,20,16,5,18,5,11,54,69,24,41,11,10,3,100,7,48,1,25,3,3
10/15/20,6,38,4,3,29,22,3,12,121,,10,37,50,19,12,5,11,141,12,7,26,12,29,8,190,18,2,11,51,6,193,27,3,,8,10,2,21,5,6,7,11,18,13,46,6,23,43,11,24,14,26,,28,25,3,133,,7,17,4,5,6,3,14,6,17,8,28,13,18,2,17,2,16,41,80,28,32,9,9,11,60,4,37,8,26,5,5
10/16/20,3,37,6,2,18,13,6,4,91,7,8,56,28,11,11,4,11,152,10,7,31,14,22,8,228,1,2,8,50,14,209,12,4,,10,19,,16,3,13,6,10,28,14,44,2,22,75,6,32,18,25,2,26,26,3,135,4,8,14,4,9,5,6,10,3,25,10,33,21,18,5,14,7,8,56,65,29,28,8,6,,66,4,39,7,26,1,1
10/17/20,4,34,5,4,14,20,2,10,69,5,1,39,41,12,7,3,10,128,17,5,19,9,24,5,218,10,,8,33,6,151,9,6,,4,11,2,20,4,9,4,9,16,6,30,10,16,57,4,22,5,16,2,19,20,2,108,2,12,19,5,4,4,5,4,3,20,12,18,15,10,3,20,11,16,34,68,32,23,9,8,3,56,7,41,4,17,5,5
10/18/20,3,36,8,5,18,20,2,4,75,4,4,24,36,12,11,7,9,109,9,8,14,4,23,3,190,13,6,9,32,16,158,14,1,1,6,13,2,22,3,8,2,10,19,9,32,7,16,53,3,27,15,33,1,18,18,6,105,1,6,15,2,4,7,2,8,6,31,14,28,17,22,11,18,10,12,41,80,29,18,9,9,4,37,4,27,4,25,3,3
10/19/20,1,43,15,5,28,49,10,10,121,7,7,42,59,10,13,9,10,193,30,15,28,4,37,2,314,10,2,20,47,12,260,23,12,1,18,12,3,36,4,7,9,12,29,31,55,5,48,91,10,46,21,37,1,25,34,9,191,5,6,18,6,5,7,12,25,10,28,15,48,30,26,8,20,12,20,72,88,29,28,7,14,4,75,9,40,15,40,1,1
10/20/20,7,56,7,6,19,25,9,19,142,14,8,47,62,7,16,11,19,222,10,17,41,6,53,9,305,14,10,12,45,23,259,20,13,1,12,20,4,26,7,14,10,10,41,16,57,11,33,103,10,46,16,45,1,27,28,3,174,1,2,19,5,14,5,9,17,12,27,15,51,29,34,17,23,20,16,75,81,34,38,13,11,4,72,8,54,9,29,2,2
10/21/20,8,46,15,10,20,25,7,7,118,3,4,41,53,13,9,16,37,185,19,14,36,10,77,5,270,7,7,19,57,11,263,23,8,1,16,17,1,45,3,8,10,17,35,11,45,13,43,73,8,35,16,36,1,28,31,5,175,,15,25,17,10,14,9,22,5,40,24,60,37,39,20,18,12,13,78,113,39,27,17,11,4,66,14,39,10,29,3,3
10/22/20,2,50,9,15,23,48,8,11,116,1,6,38,49,11,24,6,22,196,25,17,32,14,40,4,275,13,5,12,54,9,252,44,4,3,14,13,5,27,4,11,4,6,43,23,47,13,38,70,8,44,16,38,3,25,36,10,154,2,14,15,15,9,12,8,23,6,32,17,56,37,31,12,16,17,8,82,106,25,18,7,9,2,73,15,42,9,32,6,6
10/23/20,10,54,14,10,23,27,7,16,132,6,9,39,41,11,17,15,13,214,17,23,39,6,39,8,321,22,4,13,60,14,229,27,7,5,13,21,6,46,7,4,10,10,50,14,65,21,41,104,8,38,25,42,5,34,41,1,215,2,14,21,4,5,12,5,38,6,31,14,42,36,24,21,26,14,11,79,93,25,37,11,13,5,67,9,51,14,36,4,4
10/24/20,5,37,12,8,7,14,7,8,113,5,7,39,47,11,12,8,16,176,18,23,24,8,48,4,266,8,3,14,33,12,161,20,14,1,5,12,9,25,13,8,3,15,46,15,39,7,37,69,2,36,19,37,2,14,22,3,119,2,17,16,5,9,10,9,12,6,26,13,24,32,26,6,16,11,21,64,90,37,22,8,7,4,49,10,34,17,22,8,8
10/25/20,1,59,10,9,9,26,11,9,82,5,8,35,55,12,9,3,10,192,11,18,40,9,30,7,287,10,3,16,34,11,165,21,8,2,11,19,4,20,5,7,6,13,34,16,45,11,34,67,6,45,18,41,1,35,20,8,116,4,13,9,4,9,13,2,15,2,31,12,32,31,19,16,24,17,20,56,85,36,26,5,13,1,59,11,39,14,28,7,7
10/26/20,5,61,10,15,16,48,11,12,142,4,11,66,87,19,28,17,18,249,21,30,49,26,44,7,443,23,3,20,63,19,301,30,19,1,8,29,2,43,7,12,2,23,38,22,54,14,64,113,15,62,14,59,6,40,47,3,246,3,16,28,15,7,17,10,27,12,40,33,60,38,34,19,41,30,24,109,151,38,53,16,15,5,94,14,60,18,45,5,5
10/27/20,12,53,7,27,9,39,8,12,158,5,17,68,64,24,16,13,15,266,24,16,47,17,66,10,403,15,7,11,68,13,307,20,12,1,13,21,6,33,10,6,16,15,54,28,58,35,42,143,17,50,17,32,3,36,38,2,210,2,14,33,18,13,7,9,40,8,45,28,35,50,26,15,25,30,21,101,112,48,34,32,14,3,104,17,51,17,41,,
10/28/20,11,75,11,30,16,40,22,14,191,5,13,72,60,17,21,13,26,306,17,29,41,24,70,8,436,19,3,23,77,16,341,33,14,1,17,20,7,37,22,13,15,19,47,19,49,20,60,128,14,68,25,58,10,33,45,1,243,2,22,25,10,10,6,9,25,18,46,23,48,33,33,18,21,34,27,96,148,46,34,32,8,2,90,13,66,19,48,2,2
10/29/20,11,53,12,25,14,41,22,12,149,13,7,51,51,21,13,11,12,257,25,22,52,18,51,10,457,14,6,17,64,11,305,31,3,3,11,17,7,25,13,5,14,18,41,17,55,19,74,99,7,57,20,66,2,30,33,6,193,5,17,29,20,9,10,7,24,20,38,18,37,21,17,16,24,25,17,109,141,47,31,22,10,,68,11,50,14,41,3,3
10/30/20,15,70,13,25,8,28,16,8,160,2,11,74,67,18,18,17,9,314,15,46,45,20,67,12,464,20,4,15,90,7,314,29,7,5,12,8,28,31,15,11,13,23,55,21,53,20,67,159,3,72,32,42,5,37,34,3,244,2,7,34,20,13,17,8,22,6,31,23,38,47,23,26,17,27,18,94,101,51,25,35,20,9,74,12,42,11,35,4,4
10/31/20,9,47,12,17,12,33,22,5,168,7,13,52,52,18,17,15,19,269,25,22,42,18,54,12,381,23,8,22,57,8,239,25,16,3,10,10,8,21,26,11,12,22,71,18,57,16,54,125,9,62,28,32,5,29,37,2,206,3,8,19,14,10,10,4,10,9,35,10,28,43,25,17,24,24,23,87,127,75,42,25,7,3,76,14,45,23,36,10,10
11/1/20,15,59,12,23,18,37,17,8,154,4,9,50,48,12,16,10,17,373,23,34,39,27,52,9,418,12,17,18,55,14,249,39,12,2,17,17,9,20,19,13,4,27,84,22,59,18,61,156,6,74,28,45,1,48,32,1,171,4,30,25,16,5,13,11,23,9,49,15,43,46,17,20,25,26,25,114,159,77,46,27,10,4,70,10,38,29,64,15,15
11/2/20,12,105,21,51,18,59,38,20,221,4,20,76,113,15,32,34,22,491,34,27,91,55,74,18,684,34,15,26,112,16,437,41,28,4,21,16,11,28,26,14,19,19,104,30,86,42,102,228,24,123,37,81,3,60,85,3,343,11,16,44,18,29,17,14,34,14,61,37,47,50,42,38,35,49,45,202,272,112,67,62,29,5,129,31,63,18,64,8,8
11/3/20,25,73,21,32,25,43,16,17,223,7,15,102,85,21,28,12,29,486,31,36,96,38,95,22,671,22,14,21,102,14,433,52,15,3,22,20,13,23,29,13,22,32,148,31,93,49,78,223,12,89,34,93,3,61,82,2,348,,11,44,34,25,11,13,32,14,69,31,47,43,40,51,40,47,28,158,260,112,69,40,16,6,130,26,67,27,58,7,7
11/4/20,19,94,24,56,22,37,25,15,224,6,21,115,115,21,44,14,34,607,32,42,110,46,101,13,719,29,11,37,113,16,454,65,16,4,14,21,13,23,38,19,25,31,141,42,115,41,125,236,12,102,53,107,6,50,86,3,388,6,17,39,19,24,11,6,52,16,67,37,57,63,33,36,44,41,43,177,262,124,76,69,28,4,132,22,84,36,77,17,17
11/5/20,17,91,22,58,22,43,35,15,197,11,23,115,119,17,50,19,29,526,28,28,82,87,105,16,710,19,13,59,78,13,465,45,17,6,20,10,52,18,40,11,16,29,134,34,94,34,155,234,11,117,45,105,8,50,75,3,323,10,17,62,24,29,8,8,36,11,60,27,55,51,30,39,37,60,38,199,265,136,67,51,27,3,151,42,59,32,67,16,16
11/6/20,25,73,21,84,19,36,35,21,251,5,18,115,91,14,46,22,37,616,45,31,87,52,117,36,664,35,24,27,110,18,557,44,21,3,18,15,16,12,31,12,28,32,150,37,85,28,149,280,22,107,41,90,,59,89,4,420,3,15,63,19,33,16,10,37,12,61,36,38,67,36,50,46,67,26,210,250,114,82,51,29,2,132,48,49,29,56,30,30
11/7/20,19,79,16,39,20,37,24,12,203,5,19,89,97,15,33,9,27,498,33,32,83,27,87,15,497,30,7,37,62,16,340,37,17,2,13,13,22,13,37,16,7,27,157,41,102,23,127,243,15,103,39,79,6,57,72,3,251,,20,54,9,28,13,16,23,21,62,24,39,70,31,22,34,37,31,127,239,93,82,36,22,,98,29,42,43,89,15,16
11/8/20,26,70,28,38,28,38,49,11,206,8,12,84,99,13,25,7,24,576,29,54,76,55,88,10,518,30,14,20,69,21,367,43,20,4,9,11,17,20,40,25,13,27,191,32,86,25,121,232,17,90,49,76,2,64,47,4,274,5,13,49,10,39,17,12,16,20,59,26,32,64,24,35,37,55,31,147,207,89,69,32,20,5,112,11,21,29,79,25,25
11/9/20,31,168,40,104,32,99,58,23,290,11,30,176,157,22,67,31,30,778,56,68,175,74,140,36,796,38,15,55,183,26,636,72,25,4,28,23,17,18,54,20,34,35,206,50,148,49,270,390,29,160,65,128,8,87,120,9,503,14,20,77,30,50,12,24,46,14,83,52,61,99,55,41,52,62,62,259,320,167,91,50,61,2,186,49,97,41,113,26,26
11/10/20,27,156,47,86,23,60,64,25,260,14,27,102,159,35,54,17,32,764,52,56,161,53,131,44,881,32,16,61,181,27,571,56,21,6,26,24,18,8,70,16,29,53,241,52,171,36,195,354,16,133,60,146,4,71,146,8,464,11,27,70,26,32,14,22,85,19,104,46,48,83,41,40,42,59,36,288,295,168,111,56,27,2,213,44,76,30,112,22,22
11/11/20,34,132,47,103,26,44,55,35,293,15,29,128,158,23,79,36,41,771,36,40,146,56,124,20,862,42,25,53,142,22,645,78,24,6,18,23,16,18,51,17,34,51,281,57,141,41,203,321,29,144,80,131,7,63,99,12,424,5,22,79,20,39,27,11,31,14,82,54,29,87,31,44,57,45,41,250,366,169,94,52,41,,183,63,48,39,102,24,24
11/12/20,30,133,22,102,15,50,81,14,255,8,26,123,188,40,66,25,31,695,44,38,178,64,122,31,970,29,25,76,122,21,610,61,34,7,22,25,13,17,49,21,33,32,289,44,130,40,232,276,33,161,58,155,5,48,98,5,377,8,21,55,20,23,10,24,34,26,93,58,45,63,28,30,55,65,57,288,284,180,92,59,27,5,200,59,78,20,81,23,24
11/13/20,34,110,40,83,17,41,52,27,301,20,34,129,170,37,70,36,37,707,51,41,122,69,124,22,913,40,22,58,112,32,635,53,26,6,18,21,17,13,37,19,51,52,259,39,170,49,232,308,37,187,50,135,12,42,91,11,360,7,20,94,12,31,25,16,21,17,91,49,37,60,43,41,53,79,42,266,284,164,102,58,22,3,170,53,50,28,73,23,23
11/14/20,22,77,25,33,20,41,48,18,198,16,14,92,114,22,44,21,20,601,49,40,118,48,83,14,742,20,25,69,79,16,452,49,18,6,34,9,20,18,46,16,25,37,332,38,114,9,149,256,17,181,69,96,8,33,79,3,255,6,22,59,9,20,15,15,24,16,75,22,24,54,29,30,32,19,35,145,205,133,89,64,18,4,107,33,32,24,78,27,25
11/15/20,19,64,45,37,16,42,28,17,205,10,21,107,109,17,30,15,34,601,46,21,94,43,64,21,579,24,22,39,81,20,386,34,17,5,14,16,24,9,35,27,20,35,246,29,86,20,134,272,15,149,48,111,11,42,54,11,233,5,18,63,14,39,18,14,20,22,76,20,33,65,29,25,52,36,35,158,205,135,79,43,24,6,110,31,34,33,91,17,17
11/16/20,26,161,40,120,35,51,64,46,325,18,51,116,197,25,133,29,38,887,88,50,193,80,151,23,934,39,21,82,186,37,735,71,55,8,19,28,20,19,45,22,62,51,395,51,154,55,258,335,38,297,47,163,10,54,138,11,533,15,23,100,22,32,29,31,42,28,100,83,44,82,62,42,49,76,54,351,328,191,107,70,39,4,216,71,115,38,114,25,25
11/17/20,25,118,49,71,29,40,47,36,322,23,28,117,198,29,90,22,33,814,77,40,174,71,162,17,934,41,25,67,151,28,645,71,37,9,37,22,15,18,35,22,37,34,256,54,122,51,245,396,29,255,64,138,10,71,155,7,434,11,36,84,14,29,22,27,46,20,96,43,22,100,42,60,40,88,42,343,315,170,101,43,28,3,186,81,62,35,114,22,21
11/18/20,26,129,50,88,35,40,49,38,291,18,32,126,181,42,84,20,35,"1,014",69,31,172,63,163,15,973,34,24,62,161,36,653,44,34,10,20,20,18,14,60,42,61,44,350,41,122,60,228,321,35,273,93,183,16,56,117,8,448,10,19,74,22,33,20,27,81,23,88,26,28,65,50,47,49,39,70,280,353,166,109,58,22,6,202,49,106,33,113,19,19
11/19/20,26,106,34,79,32,31,51,24,248,16,45,128,164,29,94,15,36,"1,084",73,39,151,56,161,17,"1,052",32,26,61,135,33,620,61,25,8,33,24,19,12,44,24,79,48,280,47,151,29,252,322,43,277,50,153,8,25,101,10,386,22,17,62,14,28,6,22,40,19,109,36,21,68,35,46,48,58,45,283,318,228,65,54,33,9,191,59,73,22,109,13,15
11/20/20,34,106,45,66,48,47,32,43,316,17,28,107,158,32,107,19,39,873,77,35,141,74,99,23,924,45,32,79,134,24,535,66,28,7,17,31,18,8,38,26,54,46,164,41,150,36,230,401,54,283,64,131,5,44,88,7,383,7,17,81,13,28,22,26,92,19,98,25,29,93,36,54,46,41,46,320,369,185,119,54,32,7,216,47,68,21,104,17,16
11/21/20,16,67,30,39,31,40,31,12,290,18,17,56,114,24,28,19,28,626,35,39,120,45,73,12,695,34,25,48,75,31,459,48,34,9,20,13,18,10,36,18,35,30,149,37,81,11,139,256,21,99,54,98,10,23,59,9,240,9,16,59,12,18,12,14,23,22,76,21,16,88,34,29,54,23,20,172,224,117,74,34,16,13,146,41,49,22,93,12,12
11/22/20,17,73,25,41,34,22,22,16,219,12,13,72,102,27,29,15,23,980,31,35,99,48,92,15,862,28,15,41,77,32,454,46,37,9,15,12,24,9,37,24,52,33,189,35,89,16,141,273,20,130,41,94,8,17,46,3,223,18,13,55,12,22,9,15,22,17,65,22,19,102,27,25,36,28,20,157,290,89,74,43,12,8,134,13,34,16,71,18,16
11/23/20,28,154,42,101,42,48,67,36,387,27,44,150,180,43,99,23,51,"1,185",103,45,160,103,153,10,"1,125",41,25,70,176,49,753,63,64,15,21,23,40,23,55,34,91,64,211,29,179,37,251,418,41,289,70,146,10,43,107,12,683,12,34,107,10,31,24,34,79,31,123,37,20,160,58,61,49,46,35,335,486,251,113,54,43,10,294,73,112,41,171,20,19
11/24/20,19,131,41,65,48,42,43,45,389,33,34,137,179,42,82,28,46,"1,071",79,39,147,72,118,16,983,36,26,42,138,29,703,62,29,7,26,33,32,38,47,41,76,35,201,68,182,48,226,342,58,247,74,173,15,28,122,13,690,13,27,97,6,33,15,42,67,22,117,34,26,124,39,64,72,56,32,395,462,189,82,48,28,6,207,43,96,30,126,13,13
11/25/20,9,125,36,46,46,48,86,46,394,16,28,143,159,29,90,25,39,"1,088",71,30,142,76,133,16,"1,055",33,19,98,139,35,724,61,22,15,25,26,21,17,48,37,51,29,261,46,142,40,281,355,62,309,74,161,17,30,106,8,515,7,41,81,8,20,15,31,43,31,115,44,36,168,52,40,67,41,47,308,443,251,72,51,14,10,228,40,92,30,125,19,22
11/26/20,10,56,22,46,28,31,23,7,193,8,25,58,53,16,32,20,30,582,47,23,51,50,61,9,496,37,21,49,45,23,255,30,18,5,15,12,13,11,26,35,32,31,159,37,50,7,70,242,29,94,42,98,8,24,48,8,238,11,18,44,5,19,9,15,14,14,76,20,16,107,24,25,45,31,20,129,271,151,70,34,18,7,67,18,30,26,71,18,18
11/27/20,21,88,43,86,37,37,67,27,278,28,40,81,182,31,85,21,45,960,66,32,160,61,135,20,"1,032",41,20,104,94,31,654,46,30,7,14,26,21,13,63,43,51,45,219,38,147,15,284,357,44,305,64,119,14,37,94,7,445,17,36,73,3,22,14,30,44,23,93,31,23,143,45,53,64,35,32,394,457,222,73,50,25,11,237,68,82,29,113,23,24
11/28/20,8,81,41,43,29,32,44,17,259,19,25,93,125,31,56,20,31,805,57,45,128,65,86,12,761,38,16,82,78,40,480,61,22,9,11,24,12,11,47,37,27,37,147,40,124,11,179,372,27,188,66,150,10,26,76,7,355,12,33,64,5,18,15,23,36,24,93,25,20,80,51,43,68,36,29,266,284,139,74,34,19,9,158,48,48,29,97,21,17
11/29/20,12,97,42,42,31,22,28,17,251,20,20,66,119,32,45,23,28,820,54,43,123,49,80,20,716,33,29,69,98,31,490,46,12,12,32,21,25,17,49,41,39,28,114,36,99,8,187,293,29,181,32,160,15,23,57,15,337,10,20,80,9,20,18,24,27,14,91,15,24,95,56,39,71,41,29,271,280,138,52,37,19,16,171,28,58,26,82,23,21
11/30/20,20,137,48,118,47,46,73,57,453,20,37,138,232,41,141,26,74,"1,248",74,41,215,82,180,37,"1,118",62,30,85,149,38,930,105,31,14,21,44,27,33,57,54,108,45,220,62,206,58,387,426,53,431,86,210,17,38,152,16,682,26,35,140,19,28,32,54,56,32,116,49,41,205,60,73,76,51,74,491,516,325,96,59,30,16,323,105,127,68,139,21,21
12/1/20,25,111,78,41,49,34,54,44,461,16,41,150,211,32,121,26,37,938,94,40,192,61,157,33,"1,181",49,40,68,169,34,815,83,25,12,19,34,22,14,86,44,86,42,158,62,197,43,270,450,43,277,72,137,26,25,166,10,668,12,37,86,11,29,22,43,78,24,153,35,29,213,44,74,65,49,44,482,482,234,104,88,27,14,292,63,94,47,100,32,33
12/2/20,25,99,46,84,37,27,47,44,466,10,29,151,177,47,99,29,23,997,63,39,171,64,156,27,"1,048",50,33,53,162,29,741,79,17,19,19,46,19,18,42,54,80,49,165,55,164,49,311,336,53,300,53,175,18,23,124,16,528,19,26,132,21,19,13,51,51,12,132,24,32,117,61,55,75,52,42,374,504,152,81,42,16,10,225,65,73,27,113,25,25
12/3/20,22,107,44,84,42,31,43,48,356,17,28,143,183,35,75,15,33,"1,101",70,33,181,69,132,27,"1,021",43,29,50,127,31,741,82,26,8,26,44,14,21,44,53,72,49,186,46,169,37,312,341,52,262,75,143,13,29,104,10,482,14,20,98,14,28,13,34,35,16,169,32,37,111,69,53,68,57,51,433,448,196,81,40,25,12,250,66,91,23,99,29,28
12/4/20,18,105,41,43,29,40,44,56,326,21,20,127,162,37,96,24,44,"1,020",51,43,167,74,127,35,"1,048",50,28,64,171,49,698,66,16,11,28,29,28,16,63,40,93,44,177,58,140,39,250,339,53,220,59,157,13,36,109,9,505,19,25,123,10,36,20,37,51,21,116,37,32,129,74,67,88,47,42,444,791,164,93,37,17,8,226,54,86,38,96,24,24
12/5/20,25,72,51,47,24,20,31,31,266,17,14,79,117,28,51,22,33,854,33,31,129,55,100,23,760,30,22,55,96,31,539,48,14,11,18,15,23,14,48,26,46,33,139,41,122,19,141,250,21,143,44,110,21,27,56,12,332,4,12,71,15,28,12,16,25,18,92,31,24,79,52,45,59,40,21,229,424,117,75,42,20,6,151,40,51,43,105,23,23
12/6/20,11,57,42,35,32,26,27,27,253,20,27,100,132,25,29,27,37,810,39,40,124,55,112,31,658,37,19,55,101,31,442,53,12,9,20,24,25,5,37,30,66,30,167,40,101,16,139,237,24,105,43,86,13,31,48,8,266,16,12,41,11,27,12,14,15,15,98,26,48,122,50,49,70,28,35,270,413,118,66,52,15,2,148,24,38,27,97,30,30
12/7/20,16,126,43,82,37,39,55,72,371,15,25,138,242,44,113,36,62,"1,306",75,58,161,99,153,30,"1,020",54,46,74,174,43,800,66,22,19,37,52,28,20,48,55,74,37,166,49,201,48,303,400,42,309,63,195,16,27,102,14,616,17,30,121,16,57,13,50,81,16,144,56,36,184,81,63,68,53,53,422,518,261,101,58,31,11,297,82,121,70,134,30,29
12/8/20,26,98,46,50,36,42,51,62,379,16,33,121,206,54,82,30,32,"1,148",49,40,176,78,168,30,988,49,29,57,146,27,750,56,17,14,20,48,22,14,45,39,91,47,137,38,167,34,308,371,31,245,64,155,21,28,143,6,464,9,32,109,12,36,20,27,68,13,148,28,28,154,68,72,81,51,54,446,486,164,96,45,18,7,259,63,87,31,106,28,29
12/9/20,13,97,45,49,36,25,44,48,358,17,21,114,172,40,62,26,41,"1,188",55,40,220,66,147,35,948,50,33,60,130,36,659,47,15,15,23,37,29,13,39,36,78,17,137,34,133,31,210,392,40,212,94,126,14,20,101,10,480,14,32,124,9,39,13,27,76,7,142,29,29,104,54,72,87,48,52,436,394,129,85,50,19,10,229,75,71,45,117,31,30
12/10/20,26,97,39,67,22,28,40,48,280,13,25,119,182,33,76,27,40,"1,093",38,50,172,70,102,34,863,33,31,46,127,19,651,47,14,14,20,43,17,8,48,25,64,29,155,38,126,25,261,354,34,193,41,115,9,30,71,24,423,14,28,79,9,30,17,27,65,17,112,38,20,102,57,40,65,56,38,348,406,155,85,33,17,5,206,46,73,43,111,26,30
12/11/20,14,104,49,51,29,16,40,47,318,19,24,85,194,39,74,26,32,959,27,32,153,65,131,18,798,43,35,44,128,27,593,77,19,26,24,34,13,10,46,23,57,39,140,29,133,30,224,290,41,164,75,116,7,19,76,9,409,5,18,91,9,38,9,23,45,18,114,32,30,90,60,42,60,52,48,325,391,124,80,25,18,5,192,44,82,41,106,26,27
12/12/20,13,65,37,34,20,22,22,21,253,9,16,66,155,36,33,21,38,723,20,32,144,58,107,25,741,42,30,39,87,26,489,41,23,11,17,23,27,10,41,28,34,32,136,32,103,14,154,226,22,94,40,97,9,17,50,11,329,9,18,62,12,31,15,23,47,10,73,18,16,73,35,29,43,26,31,196,285,96,68,41,27,7,136,40,49,22,86,27,22
12/13/20,15,72,34,46,24,27,33,19,225,15,12,49,112,31,69,27,33,724,31,27,116,60,98,16,644,43,25,33,65,18,397,34,13,9,22,24,11,10,38,20,42,20,141,21,83,13,125,187,16,116,53,68,6,15,48,10,261,7,21,71,8,26,10,13,27,7,60,25,24,102,56,35,39,30,27,170,257,92,44,24,14,5,114,35,43,44,96,33,33
12/14/20,17,118,48,69,35,51,42,52,366,32,23,160,226,38,105,33,49,"1,139",55,41,154,93,120,24,"1,016",41,28,69,163,40,736,72,30,43,29,35,16,14,56,27,91,64,161,52,149,37,264,317,51,206,52,117,17,27,94,15,537,12,36,105,28,40,9,47,72,26,138,32,40,215,78,62,68,72,33,374,453,204,92,40,23,4,258,65,77,42,105,22,24
12/15/20,11,103,48,36,34,32,37,41,314,21,21,104,216,35,53,24,42,"1,052",35,26,157,58,146,21,838,42,25,58,122,17,702,68,18,9,25,30,16,10,63,35,51,46,128,29,136,48,227,272,34,189,47,121,7,17,97,7,454,6,22,74,7,33,15,30,59,18,104,32,23,89,68,56,68,45,46,331,456,121,97,45,15,2,257,35,62,24,91,24,24
12/16/20,11,76,29,42,18,35,35,52,265,12,18,83,163,16,39,28,25,865,40,35,139,68,114,14,780,45,25,39,96,44,587,47,23,10,24,35,17,5,48,39,59,41,121,30,114,19,194,266,25,189,54,128,12,15,71,8,386,4,31,68,11,36,12,27,65,14,60,36,18,75,61,47,62,38,33,265,397,119,53,47,18,5,184,48,65,32,80,28,29
12/17/20,13,104,32,71,20,42,50,40,255,17,17,87,185,31,53,15,18,863,42,28,133,73,103,22,761,28,14,31,103,13,528,56,11,13,13,27,10,14,36,24,51,22,186,40,136,13,194,242,29,182,36,127,14,21,86,15,329,2,21,56,6,22,7,32,67,15,78,28,10,107,57,75,69,35,30,186,348,74,57,33,23,8,205,49,71,32,67,23,23
12/18/20,17,98,50,54,23,29,41,39,261,12,32,73,144,35,63,24,40,927,52,29,145,51,140,26,845,51,9,50,108,24,538,57,13,9,18,33,12,10,54,19,54,44,158,33,118,20,178,282,25,174,41,154,9,14,88,8,341,9,27,80,11,40,10,29,82,19,92,34,23,74,57,49,55,41,45,215,407,101,61,29,19,7,177,39,56,31,85,30,34
12/19/20,6,61,30,40,15,18,32,16,197,12,9,49,139,24,38,15,22,576,33,30,104,51,80,16,561,35,21,20,79,29,386,44,11,7,20,13,16,3,32,18,31,28,87,31,65,21,115,180,13,71,30,93,4,4,50,11,271,7,14,73,3,24,7,23,31,9,55,28,18,74,37,33,30,27,28,121,264,69,72,35,20,3,136,29,27,18,77,19,17
12/20/20,10,50,43,45,15,25,39,24,216,13,28,58,129,20,30,17,30,547,33,20,111,68,78,20,635,33,17,36,61,27,349,50,18,12,19,19,13,5,42,17,22,23,110,35,83,7,131,176,19,66,39,95,8,15,48,14,245,3,17,68,7,21,5,21,32,11,58,17,16,77,43,26,29,32,36,203,256,70,37,37,16,7,138,26,21,30,60,12,11
12/21/20,26,72,41,72,38,44,73,34,313,20,27,99,222,38,104,26,34,997,54,27,160,100,113,32,962,39,20,47,136,54,650,66,17,20,17,40,13,14,54,31,87,54,190,54,146,35,268,282,40,194,50,119,9,21,123,10,437,4,34,94,8,32,14,31,71,17,75,30,17,134,55,78,76,33,36,229,410,114,73,45,10,9,256,59,57,36,112,27,33
12/22/20,18,69,26,41,36,31,24,47,256,10,25,84,176,33,71,15,27,877,34,17,155,78,115,17,866,23,13,34,82,17,543,51,19,13,20,26,22,26,35,25,52,28,125,48,134,28,199,208,34,134,35,105,9,9,94,11,368,2,15,83,10,33,10,18,83,17,72,21,13,116,43,33,59,45,39,217,363,103,48,46,11,5,194,42,66,20,86,30,24
12/23/20,16,73,38,53,21,40,41,48,221,14,27,73,176,27,68,19,24,821,30,24,174,59,118,32,810,24,26,30,88,16,479,52,23,14,19,21,8,14,49,30,40,41,175,43,109,28,204,255,30,122,33,114,9,26,116,11,353,6,24,83,5,27,11,14,60,14,98,22,22,101,65,45,56,27,48,236,330,78,55,47,17,4,208,48,60,20,80,20,19
12/24/20,17,66,33,24,19,21,37,16,188,12,23,81,125,23,29,14,29,614,18,13,114,53,103,20,698,43,20,47,67,14,396,45,19,11,22,9,9,24,36,9,19,26,151,31,93,18,157,166,26,84,31,65,11,23,53,8,258,4,23,63,5,23,6,11,38,12,65,27,19,75,37,28,50,31,30,212,276,57,44,44,17,7,132,32,54,13,68,20,20
12/25/20,9,52,28,5,20,18,32,6,133,15,11,39,69,13,16,13,20,305,6,19,47,47,64,14,342,19,13,25,14,15,193,34,10,6,10,11,4,5,26,16,10,28,103,14,31,15,37,78,17,28,22,63,3,28,15,10,177,6,7,62,6,19,9,12,6,7,35,17,17,35,23,23,47,22,14,138,216,46,30,30,15,5,55,14,21,20,61,16,15
12/26/20,16,44,40,41,35,26,31,19,214,18,19,62,142,32,50,24,46,608,17,20,152,66,116,21,735,35,18,41,91,21,414,49,22,11,18,27,12,9,36,15,41,40,124,18,98,10,177,169,15,99,40,84,18,13,59,17,306,7,16,81,14,17,7,17,43,14,84,22,17,48,45,47,50,29,23,197,284,90,47,47,17,8,153,31,31,22,86,19,19
12/27/20,19,80,35,37,16,27,58,24,223,11,27,62,114,23,34,19,33,634,12,43,143,72,100,40,654,32,32,39,69,16,445,60,14,9,14,21,17,4,35,22,37,24,130,52,96,8,171,160,18,102,37,88,21,20,39,5,311,5,17,63,7,31,11,28,33,23,79,7,20,73,53,37,62,39,24,141,222,69,46,47,15,5,163,28,22,23,89,16,16
12/28/20,18,105,50,60,44,44,54,47,346,36,50,132,242,27,72,30,35,"1,017",52,37,172,70,169,21,"1,060",38,25,42,174,26,749,57,15,19,26,33,22,32,58,26,66,73,190,75,190,43,317,366,34,230,49,144,12,28,130,18,553,10,34,98,11,42,26,43,85,17,122,39,32,127,70,62,84,48,63,264,339,123,80,43,16,8,280,58,94,34,124,21,24
12/29/20,12,88,26,54,22,37,46,47,241,21,28,105,261,32,61,18,38,944,20,24,172,59,168,33,956,28,21,43,151,22,635,48,14,9,20,26,16,13,30,29,62,33,152,63,147,42,248,293,34,216,43,162,7,21,88,20,380,10,24,67,14,30,15,22,84,19,80,23,31,99,68,50,76,62,40,249,314,113,47,56,21,6,267,60,69,22,101,42,42
12/30/20,22,62,46,44,30,26,68,52,305,21,32,112,194,41,61,12,32,840,40,24,173,51,137,34,960,25,28,50,140,33,657,49,17,13,23,40,9,15,52,34,50,47,162,65,132,41,283,335,38,183,47,124,10,23,92,19,402,9,24,76,8,36,20,30,80,10,108,25,27,102,61,46,63,36,43,312,350,102,82,46,16,5,245,42,71,18,135,14,14
12/31/20,15,77,46,48,28,30,48,39,265,15,31,114,181,18,42,22,40,755,17,26,181,47,129,31,844,21,5,46,124,15,543,45,25,13,15,42,18,18,47,42,32,38,216,62,139,27,210,284,40,122,43,109,6,20,75,16,346,5,18,67,10,26,15,18,58,10,96,24,15,72,49,33,54,35,32,295,292,76,60,52,20,7,168,41,63,28,89,21,22
1/1/21,18,45,18,37,29,32,44,16,166,21,23,52,97,22,31,22,29,424,10,19,93,46,97,28,501,26,10,28,53,20,303,44,17,15,18,21,5,9,37,24,33,26,114,27,55,23,87,148,17,65,26,71,6,19,38,14,265,5,27,87,17,25,12,13,26,16,78,26,20,71,40,29,40,42,21,152,268,66,50,30,13,6,100,20,28,28,103,17,16
1/2/21,16,93,33,58,24,17,81,37,229,21,23,99,151,37,40,14,27,670,19,21,134,59,95,25,814,34,21,40,98,39,481,40,21,8,20,25,21,17,36,23,45,32,139,40,155,37,203,296,32,127,36,79,10,20,59,19,362,6,33,67,11,22,16,22,35,17,87,14,19,71,35,37,61,34,57,263,291,90,44,41,20,21,177,54,55,28,96,19,19
1/3/21,25,71,21,27,30,22,49,22,215,27,39,63,152,22,46,16,23,555,21,23,123,59,105,28,688,26,14,50,95,27,424,51,12,12,14,24,19,12,42,21,35,23,145,43,111,23,187,215,26,76,31,94,20,20,45,18,321,10,17,67,9,23,9,14,37,15,89,26,18,76,47,49,49,29,33,192,255,82,54,33,13,12,164,30,48,31,120,21,21
1/4/21,18,116,47,61,49,50,86,75,302,25,47,158,308,35,79,15,44,969,48,24,241,76,157,34,"1,066",30,15,70,184,47,779,52,19,19,26,55,9,22,45,36,62,38,191,74,205,68,309,412,42,162,45,163,14,26,120,20,574,9,26,102,10,37,22,31,81,16,102,31,35,96,78,70,59,56,98,419,340,125,64,65,25,12,290,53,86,35,138,26,27
1/5/21,22,71,38,38,33,40,59,49,281,31,37,104,257,28,56,16,34,782,24,31,216,73,143,27,872,30,7,50,130,21,675,44,12,10,27,45,13,13,54,18,38,39,132,45,155,58,222,338,24,131,36,126,13,24,96,5,419,2,27,77,5,32,9,22,94,12,109,25,25,76,55,45,52,53,56,321,294,95,60,58,17,6,256,46,65,21,103,19,19
1/6/21,29,73,30,59,24,24,41,47,238,17,26,101,239,35,48,19,30,791,34,27,176,88,136,23,865,30,10,39,122,31,475,40,14,12,18,22,15,9,57,19,36,30,150,46,134,35,184,316,32,122,29,118,12,20,101,8,346,3,26,67,16,29,6,25,48,7,101,22,27,97,36,46,46,46,40,246,327,87,39,39,21,8,205,36,46,24,95,15,15
1/7/21,16,76,41,29,49,24,50,29,200,12,22,96,178,17,43,13,30,601,18,25,137,60,120,21,708,35,12,45,91,12,476,37,12,4,22,39,15,8,41,22,23,24,162,67,99,37,136,204,20,99,37,91,7,22,76,11,327,11,24,72,3,15,11,20,29,16,99,31,21,68,41,34,53,39,29,181,332,66,40,34,11,7,176,28,62,16,89,14,14
1/8/21,12,53,26,21,23,33,45,24,182,17,21,76,150,28,27,10,26,548,20,30,117,57,117,16,718,22,15,25,62,23,402,36,22,9,16,18,13,12,31,40,23,47,114,34,86,44,85,236,19,97,32,78,8,26,29,12,259,12,18,77,11,24,7,18,25,9,78,30,23,68,30,39,41,44,31,163,333,98,52,29,8,12,136,40,52,21,75,15,15
1/9/21,9,54,36,15,26,28,38,7,130,18,9,61,119,13,22,11,27,411,13,22,71,40,110,16,557,32,8,31,45,16,281,28,20,4,8,19,17,15,43,16,11,18,131,31,62,14,95,164,14,58,29,69,8,18,17,12,279,8,22,43,3,19,10,15,14,16,68,16,18,39,34,22,67,22,18,125,281,43,44,30,12,6,78,16,49,15,84,8,7
1/10/21,9,53,32,40,24,23,31,29,169,20,23,74,132,19,46,9,26,712,7,13,115,46,115,24,703,18,7,47,98,16,471,27,11,5,17,26,11,6,38,17,17,22,144,27,112,15,201,268,17,99,25,75,15,13,66,7,262,9,19,62,4,20,12,15,47,13,77,12,19,78,41,26,43,27,24,199,245,72,57,39,5,9,183,32,22,16,75,7,7
1/11/21,22,74,44,38,43,18,47,29,275,26,32,114,187,26,81,19,26,714,24,24,135,51,117,24,748,34,6,51,117,18,603,45,13,10,22,36,11,9,39,20,29,32,144,52,154,25,167,312,29,114,34,107,11,14,62,14,316,14,24,74,7,35,13,17,52,12,96,22,20,96,45,28,52,40,30,299,354,110,50,33,16,5,195,42,82,18,83,15,14
1/12/21,11,56,27,40,27,20,30,22,202,14,24,67,140,25,64,16,19,609,24,18,124,42,105,21,685,27,8,55,96,11,508,33,18,4,19,21,13,9,27,16,41,30,139,44,80,21,158,223,17,102,40,86,7,15,53,9,301,11,12,58,5,11,6,14,45,10,88,21,16,67,38,20,24,22,24,253,278,77,57,31,6,10,148,35,40,12,60,4,4
1/13/21,13,65,27,32,40,19,46,37,185,7,31,75,161,13,64,18,25,629,34,30,128,39,101,11,697,23,15,42,133,21,555,28,13,3,8,39,21,1,29,18,19,20,132,37,113,24,150,260,30,100,31,124,8,18,57,8,299,12,20,60,4,28,8,20,41,16,71,21,18,88,48,31,37,31,36,195,309,64,52,35,12,8,177,52,44,10,75,9,9
1/14/21,16,65,19,34,24,18,41,22,244,16,21,83,184,24,48,7,15,545,23,17,112,52,105,18,684,22,8,53,83,21,513,30,17,8,12,32,21,11,38,20,18,18,124,31,110,27,215,206,30,105,32,77,13,25,60,7,317,7,17,54,8,20,5,24,55,23,72,19,19,61,33,28,32,36,23,211,273,69,50,30,7,6,159,39,54,21,51,10,10
1/15/21,25,53,32,31,23,14,42,27,239,12,24,94,147,27,68,8,22,605,34,24,105,44,114,25,679,18,7,33,112,14,538,23,5,5,18,30,18,17,34,14,67,32,101,38,122,33,157,216,25,104,37,90,11,16,67,8,237,9,21,53,5,20,6,21,59,18,81,26,24,65,48,33,32,17,22,245,249,74,43,35,6,7,128,62,49,16,59,5,4
1/16/21,24,39,24,23,22,20,31,18,190,13,22,54,92,12,42,12,17,530,12,21,80,37,93,17,552,13,9,37,72,14,346,22,13,5,9,14,20,14,26,16,26,8,116,33,74,13,154,138,24,63,15,74,10,12,55,7,208,9,11,45,6,10,1,13,43,17,61,14,11,43,35,26,38,17,13,192,228,65,36,24,10,5,119,31,35,17,53,5,5
1/17/21,13,46,17,23,17,9,22,24,174,8,10,51,90,13,33,6,11,437,14,17,71,44,91,15,469,13,8,31,38,16,373,23,9,4,15,23,14,10,28,8,33,12,94,29,80,22,140,136,25,73,14,90,2,12,48,15,163,7,7,54,1,17,8,14,29,15,47,4,10,44,30,22,19,19,6,147,177,45,36,25,5,3,108,32,17,14,50,8,8
1/18/21,22,56,21,40,27,14,49,20,177,9,18,62,140,23,53,13,13,636,12,19,103,43,97,16,601,35,15,53,70,19,400,32,13,9,10,26,12,14,32,17,26,20,117,38,98,32,192,219,24,127,17,79,8,14,58,7,238,12,20,75,4,27,5,21,41,19,107,12,16,89,35,27,33,49,22,257,239,64,36,24,9,7,99,36,54,9,76,2,2
1/19/21,23,76,26,40,44,15,30,38,289,9,20,97,193,21,57,18,11,664,29,17,118,38,122,21,652,14,18,56,111,22,638,20,23,3,12,20,6,7,22,12,42,45,180,48,121,30,191,189,28,108,40,89,8,12,64,7,311,7,19,42,5,17,6,18,58,29,95,18,20,73,47,22,37,25,41,227,286,63,38,44,11,4,178,41,51,11,63,9,9
1/20/21,19,65,16,49,40,18,41,58,298,10,12,90,128,18,55,13,22,750,30,16,119,49,120,15,864,20,14,62,121,20,633,22,23,2,11,29,10,12,21,14,23,36,142,50,109,23,229,235,33,108,32,84,10,9,78,4,236,3,14,49,3,17,6,18,51,34,98,20,19,75,31,21,24,28,23,262,309,73,42,38,11,7,150,41,35,15,67,7,8
1/21/21,19,50,7,23,41,10,25,47,197,5,13,56,134,19,40,5,16,518,20,22,83,25,79,15,492,11,8,46,71,25,520,16,21,5,7,22,10,8,23,9,27,28,101,26,81,24,153,207,21,104,14,74,8,5,51,8,250,8,15,45,1,6,10,13,58,16,57,17,14,62,31,26,21,20,8,158,219,50,33,35,6,6,127,26,41,6,51,5,5
1/22/21,20,41,19,18,18,9,26,12,159,14,13,53,112,14,42,8,20,448,26,18,76,40,91,20,522,13,24,30,77,24,448,13,20,2,12,20,10,7,26,13,17,24,99,29,67,24,163,184,18,101,20,63,10,8,50,9,207,5,4,45,2,13,9,16,40,23,70,13,17,61,35,19,25,13,6,171,189,56,33,23,8,,117,21,54,11,58,9,9
1/23/21,10,29,18,13,26,20,35,9,118,8,14,45,92,11,28,10,17,349,3,10,63,32,61,9,356,9,6,34,42,9,280,13,9,3,11,16,7,11,26,13,14,10,75,38,67,19,90,146,18,84,15,61,19,10,33,6,174,9,9,39,4,12,4,9,26,13,61,11,13,23,22,7,16,11,7,107,161,37,20,23,6,6,83,27,21,13,57,7,7
1/24/21,12,28,10,22,25,11,26,17,130,9,14,32,74,14,15,5,11,349,3,15,53,28,68,9,267,11,6,25,43,11,285,13,5,4,9,17,5,10,10,7,11,16,66,39,61,14,79,104,10,59,12,62,9,12,20,10,124,6,9,54,1,14,7,20,15,4,58,14,16,27,22,10,6,15,2,84,151,44,19,31,10,3,88,19,36,5,43,4,4
1/25/21,20,57,15,28,38,16,27,42,173,18,17,60,113,32,48,16,17,537,28,14,92,29,73,16,499,11,12,54,88,16,492,27,27,6,11,24,10,9,23,10,36,25,115,29,95,34,158,150,17,116,25,104,12,16,60,8,237,7,20,44,2,12,5,17,52,11,80,22,8,79,23,15,20,22,8,161,195,79,41,21,8,4,145,43,60,14,67,4,4
1/26/21,10,40,10,37,33,9,22,24,200,5,10,64,114,13,34,15,12,483,24,11,77,28,69,14,458,22,11,66,92,16,443,21,15,1,9,22,13,4,16,6,13,27,101,26,74,18,134,156,13,100,20,49,20,6,36,2,159,8,8,46,7,14,4,19,40,14,93,12,8,44,22,21,21,8,10,177,198,48,23,31,12,,120,24,55,7,54,5,5
1/27/21,10,56,11,26,38,12,25,32,165,7,11,33,118,27,39,11,8,415,19,26,104,23,83,11,478,13,7,46,68,16,403,18,21,3,11,27,9,8,17,9,16,30,76,25,74,14,135,154,17,100,21,77,11,10,34,9,162,4,8,40,2,11,11,16,23,20,70,16,6,50,14,10,24,16,16,173,216,59,27,20,8,3,123,25,43,6,46,5,5
1/28/21,15,43,13,13,23,10,17,25,133,3,11,53,98,14,31,17,14,358,12,5,79,18,68,14,393,13,10,36,86,9,386,15,17,3,12,13,8,8,15,8,18,27,65,29,76,18,116,179,6,66,12,58,8,14,43,1,166,5,8,50,2,10,9,15,33,12,47,9,12,47,17,12,16,14,2,123,177,56,22,24,11,4,110,24,51,10,36,4,2
1/29/21,12,34,12,16,32,13,17,35,170,10,10,37,94,17,21,14,13,343,14,7,66,32,49,12,371,12,8,38,54,4,377,22,19,4,6,16,6,10,13,11,11,23,77,18,77,8,90,139,13,72,32,46,10,11,33,3,156,8,10,39,5,9,6,18,53,10,56,8,6,39,19,7,18,12,9,150,171,43,24,16,11,2,121,17,33,4,42,4,4
1/30/21,9,33,9,15,26,12,17,14,118,5,7,39,55,10,19,9,9,322,8,13,52,12,58,2,273,13,8,26,62,9,244,8,8,4,5,19,4,4,15,6,6,18,56,19,36,14,57,92,9,50,13,51,8,2,23,1,138,5,4,37,3,4,6,12,17,15,40,6,6,34,19,6,15,10,5,78,170,34,28,17,8,3,76,6,21,6,42,2,2
1/31/21,6,25,11,10,23,17,16,13,108,7,3,16,61,14,10,5,7,263,7,11,41,15,43,5,242,12,6,32,39,3,266,11,7,4,9,15,5,2,12,7,13,11,58,24,32,9,53,90,9,44,14,49,8,7,20,4,118,7,10,28,,12,3,8,13,8,46,10,4,31,12,3,8,12,11,70,121,42,12,10,3,2,64,16,17,8,25,5,4
2/1/21,21,39,7,27,45,16,20,40,160,5,12,29,106,21,36,6,12,410,12,11,78,19,64,17,385,18,15,42,101,18,364,22,7,5,7,17,9,4,15,7,19,18,80,21,62,12,131,123,16,70,16,64,19,9,45,3,171,4,16,48,1,9,3,17,38,20,53,12,8,49,17,21,20,11,12,124,180,62,24,9,15,,112,31,45,5,30,6,4
2/2/21,8,19,10,31,25,13,17,28,138,10,7,38,86,20,38,8,6,352,8,5,57,19,55,11,375,10,6,32,40,5,328,20,9,4,6,20,11,2,9,9,14,17,78,18,51,18,106,107,15,86,11,48,8,9,26,3,149,2,6,36,3,7,6,13,31,13,41,11,5,25,12,9,16,16,6,116,181,38,20,17,7,2,94,14,27,2,33,7,5
2/3/21,12,25,7,25,25,12,14,23,139,9,9,31,83,24,25,4,15,351,14,18,77,13,61,15,351,19,8,27,50,12,305,15,10,4,8,15,6,1,10,9,22,5,73,28,57,11,95,101,8,79,20,53,13,4,30,5,135,2,8,40,2,7,5,15,30,12,54,16,6,42,16,5,20,6,5,107,170,34,14,19,10,,98,32,24,7,35,12,4
2/4/21,11,17,4,29,32,3,10,22,134,9,10,32,61,12,24,2,7,303,16,10,70,11,67,9,323,9,8,17,45,13,301,19,14,6,11,16,14,14,13,10,16,12,74,23,47,8,103,104,10,55,17,41,5,13,45,4,108,,7,30,3,4,5,19,32,5,42,10,10,28,16,18,7,10,5,120,157,39,11,19,8,3,78,21,31,6,24,1,
2/5/21,15,15,9,22,35,11,9,26,137,5,12,34,67,22,28,7,14,290,9,11,70,8,51,8,325,13,4,21,49,5,249,17,4,5,4,17,9,5,7,4,18,8,62,13,49,16,99,75,7,60,14,50,5,3,19,1,143,4,5,32,,8,1,8,34,19,37,3,6,22,28,11,14,10,3,101,176,41,23,10,5,2,86,30,26,9,27,5,
2/6/21,4,13,4,17,20,11,13,14,97,6,3,18,45,12,11,4,1,218,2,10,55,13,28,10,254,14,3,19,35,9,174,6,5,2,3,11,4,4,7,6,10,10,42,11,30,7,54,71,11,47,20,45,3,4,10,2,79,1,,32,2,2,1,4,11,6,39,7,3,11,17,5,10,6,5,78,133,44,15,8,8,4,49,15,17,6,24,,
2/7/21,7,13,6,16,20,6,12,8,75,6,6,21,44,19,12,3,12,193,2,5,41,11,32,1,207,10,4,15,36,6,170,12,6,7,1,12,4,2,11,5,8,7,45,11,35,7,47,64,6,41,9,43,5,7,15,2,74,3,3,26,2,3,2,10,8,12,38,6,3,19,12,12,9,6,5,61,101,35,11,8,8,,41,15,22,10,13,1,
2/8/21,7,23,8,35,33,16,21,29,128,10,12,37,58,21,31,3,9,334,20,12,62,16,53,12,340,21,10,24,65,6,283,14,7,7,4,15,6,5,14,6,25,13,67,15,56,15,108,99,12,64,23,63,13,6,44,3,138,3,4,27,5,4,7,15,24,15,42,12,3,42,21,20,16,7,8,112,152,60,21,14,11,1,59,25,31,8,22,2,
2/9/21,2,20,10,15,28,11,9,15,109,5,6,29,55,11,16,8,8,286,15,3,52,21,39,11,291,9,3,22,39,6,181,5,7,6,8,11,4,2,8,9,22,18,58,20,59,15,76,101,8,55,18,34,6,5,15,1,101,4,5,20,4,8,1,15,22,5,34,9,3,30,20,14,10,9,7,87,158,33,15,17,8,,50,19,34,16,23,4,
2/10/21,11,28,1,31,38,9,13,12,96,4,13,20,48,12,31,9,10,263,8,10,49,11,60,10,277,12,6,21,35,6,242,15,5,3,5,13,5,3,9,4,24,7,53,13,37,5,70,97,13,54,15,41,6,10,15,16,94,4,9,36,,7,2,7,25,12,48,13,5,16,16,12,13,2,8,62,149,40,12,11,11,,53,19,17,4,30,4,
2/11/21,5,15,7,16,26,17,11,9,100,4,10,28,56,13,24,6,4,225,6,10,45,11,41,6,244,5,4,18,34,8,245,3,5,3,8,11,4,6,10,5,17,10,49,14,42,9,70,74,12,41,9,45,8,5,15,,92,4,10,24,,1,2,11,18,4,34,4,3,26,16,9,10,4,3,73,129,27,21,15,9,3,60,16,12,1,21,2,
2/12/21,4,19,9,20,15,7,6,12,93,6,12,22,50,14,16,4,12,197,8,9,42,14,29,4,227,7,2,16,38,4,185,17,7,1,4,4,3,2,13,8,15,9,47,11,52,8,86,73,11,44,6,31,10,5,27,7,67,7,10,19,2,3,2,4,15,5,39,6,8,25,13,4,16,5,6,84,101,26,13,14,5,,51,18,23,2,15,3,
2/13/21,3,15,3,19,9,4,9,6,82,4,8,16,42,5,10,5,4,185,3,6,32,7,21,5,179,4,9,10,21,7,133,11,5,2,1,3,5,8,8,8,21,6,32,11,17,6,49,53,5,33,9,28,2,2,10,1,76,10,6,13,1,4,1,5,8,4,36,6,3,24,6,4,13,7,1,56,102,23,12,10,4,,48,10,14,4,14,,
2/14/21,2,4,1,9,12,7,5,4,66,6,6,18,26,10,11,4,5,177,1,8,26,11,21,1,182,8,4,13,23,5,136,9,5,1,,5,,3,7,1,16,6,26,9,32,3,41,41,6,25,12,28,5,2,13,2,48,4,4,17,3,6,3,9,7,4,38,2,2,19,10,10,6,3,1,56,93,26,12,9,4,1,62,8,8,5,16,4,
2/15/21,2,16,10,21,27,3,9,13,75,3,5,34,42,4,17,6,11,252,2,11,44,17,37,3,230,9,6,10,26,5,166,13,9,2,6,10,3,4,9,4,18,11,41,9,29,8,65,86,7,57,13,35,1,6,22,4,73,4,8,17,5,5,5,4,12,12,36,5,6,21,9,4,7,7,5,61,148,34,15,8,14,1,61,21,16,1,21,5,
2/16/21,2,11,7,12,19,4,9,7,65,,1,20,43,9,17,3,6,228,5,12,44,5,18,6,194,6,5,28,23,8,122,11,3,1,2,9,3,5,7,5,17,6,64,15,34,3,52,36,6,50,8,41,2,7,10,1,79,6,1,11,2,6,1,3,18,6,45,4,3,16,15,7,15,6,5,76,93,36,7,12,8,,61,24,9,4,19,2,
2/17/21,7,13,8,17,20,5,8,8,80,8,6,13,44,13,21,7,6,219,8,9,49,16,31,8,285,4,10,17,30,8,206,10,4,1,7,9,3,3,7,6,28,13,27,17,30,10,50,74,8,52,20,29,5,1,13,2,84,2,10,10,1,7,6,9,15,5,47,6,5,31,21,10,11,21,7,93,114,36,6,7,6,1,79,19,11,2,16,2,
2/18/21,7,13,5,14,24,4,15,8,65,5,11,19,30,7,16,9,8,204,11,10,55,9,27,4,232,5,5,20,14,4,132,14,5,3,3,9,4,4,10,3,14,4,43,14,37,11,62,70,5,40,4,31,3,4,15,4,73,5,10,11,,7,2,7,16,7,33,4,6,22,8,7,8,8,2,70,116,35,12,17,4,2,60,12,7,6,32,1,
2/19/21,4,9,11,11,15,1,12,11,65,3,6,16,50,9,21,4,3,217,4,7,43,17,27,3,218,8,4,18,18,4,135,9,4,,4,5,3,4,17,,20,9,34,10,39,8,62,103,5,37,16,27,3,3,16,4,62,5,6,25,2,6,5,8,20,2,36,6,5,24,15,13,20,5,2,66,108,26,23,11,7,1,34,7,5,2,12,4,
2/20/21,3,7,8,18,9,6,9,1,57,2,9,21,29,3,16,9,3,155,1,4,24,9,17,10,154,8,6,15,13,4,106,9,1,5,2,4,2,2,9,3,7,7,27,5,20,2,34,65,5,32,11,32,4,4,6,,61,3,1,8,,3,5,4,9,4,23,4,8,26,11,10,13,8,1,38,61,23,12,11,3,1,34,11,5,5,17,6,
2/21/21,4,7,4,7,7,4,8,1,52,3,4,15,27,3,8,9,2,184,,5,38,10,22,5,140,5,1,17,19,6,102,9,5,,5,7,5,,12,5,13,5,36,10,24,8,26,41,5,28,13,25,4,2,8,2,35,4,3,8,,9,3,1,9,3,22,6,,16,5,3,10,9,3,37,70,22,6,10,1,,26,10,8,3,29,3,
2/22/21,5,7,4,21,24,3,9,7,84,1,11,17,37,9,19,5,3,259,6,6,44,17,25,10,238,7,4,17,25,7,164,9,6,6,8,14,6,,15,1,22,13,42,6,32,4,50,79,4,38,9,43,5,5,15,,77,11,8,11,,6,5,7,16,3,30,6,4,27,15,15,20,3,2,68,116,38,5,18,4,,46,15,18,3,23,1,
2/23/21,5,9,6,12,10,2,13,5,72,2,2,30,39,5,21,12,7,253,6,1,19,15,28,2,191,7,4,18,13,5,160,5,6,1,5,11,2,1,17,3,19,7,46,13,23,7,52,90,6,36,5,38,2,3,16,5,62,3,4,11,,8,6,,18,5,34,5,,9,11,5,17,12,6,65,77,26,9,13,1,1,47,22,7,4,22,1,
2/24/21,1,11,7,8,10,6,6,4,66,5,2,12,32,5,15,18,3,227,5,11,26,8,24,5,212,11,7,14,23,4,131,7,3,2,2,6,,3,9,4,10,7,31,15,27,11,53,78,8,30,10,28,2,,20,2,58,,6,19,5,5,4,3,18,6,29,2,3,19,8,17,9,6,6,69,95,23,7,15,3,,41,21,7,1,15,5,
2/25/21,2,5,7,12,7,,13,6,47,3,6,22,30,9,4,13,9,207,3,4,33,9,24,1,189,4,3,22,8,1,114,11,3,1,6,6,3,1,14,8,8,7,28,12,21,9,43,76,5,32,6,26,1,3,12,1,62,3,3,23,1,9,,7,17,4,24,3,2,22,8,5,14,7,5,51,95,20,8,8,1,,32,9,10,1,21,7,
2/26/21,6,6,7,25,10,4,13,4,56,6,7,21,29,5,15,8,3,207,6,4,29,14,34,,207,12,8,9,16,1,118,7,7,1,3,2,2,1,19,3,18,5,24,4,38,4,29,80,8,28,9,27,1,4,13,4,50,1,3,13,,7,2,6,20,4,19,2,,24,9,4,15,19,,44,86,24,12,14,2,,33,13,7,3,31,5,
2/27/21,,6,3,5,5,1,6,3,35,2,1,12,25,1,11,3,2,182,2,4,18,8,13,5,139,8,1,9,14,4,89,5,2,,8,4,3,3,11,4,11,6,29,6,10,3,24,55,2,27,1,23,1,1,12,3,33,1,3,9,3,1,5,2,11,1,20,2,4,14,11,8,7,6,2,32,69,21,13,7,1,,27,14,6,2,28,6,
2/28/21,1,5,8,8,5,5,6,1,37,2,8,17,22,3,7,10,3,156,1,10,20,12,17,3,146,7,2,9,16,1,73,5,3,1,2,2,3,1,13,3,4,4,13,7,24,6,24,42,3,28,2,20,,5,8,,31,,1,18,2,7,,4,6,3,18,1,2,14,6,4,9,7,3,32,77,23,5,7,,1,28,11,8,3,22,,
3/1/21,2,11,7,16,6,5,11,2,65,2,9,23,28,4,20,8,7,233,7,3,36,27,35,6,224,4,8,7,23,7,136,11,12,,4,4,3,4,12,2,8,7,54,5,31,6,31,84,8,28,9,35,1,6,12,1,50,3,4,19,1,4,3,8,11,4,24,2,6,18,13,6,13,12,6,49,100,18,15,7,2,,34,10,10,4,30,7,
3/2/21,3,5,6,5,7,1,7,2,58,3,8,21,36,1,10,11,7,235,3,6,22,8,22,5,224,4,3,12,23,1,94,14,10,,2,5,3,,11,3,3,9,37,5,30,6,34,61,4,27,10,31,3,1,12,3,43,2,8,12,,6,,3,12,6,23,4,1,14,9,8,17,11,3,59,85,31,3,13,3,,29,19,19,6,18,8,
3/3/21,3,13,13,8,11,,7,3,59,3,10,26,27,14,11,8,5,207,5,5,33,10,23,3,230,10,3,9,9,3,92,6,6,1,4,6,4,3,14,,8,9,34,7,21,6,54,75,7,25,11,36,,3,4,,56,1,1,6,,5,3,2,11,3,31,,2,17,8,8,10,12,1,34,118,26,12,12,7,1,28,18,16,2,26,2,
3/4/21,2,4,12,7,4,,5,6,61,2,7,27,36,7,9,6,5,159,4,3,31,13,11,1,186,1,,11,10,2,109,8,6,3,3,4,5,10,7,8,8,3,42,7,31,4,47,66,6,24,7,43,1,3,2,3,54,,3,15,,1,3,6,6,4,24,2,1,13,9,8,8,12,1,45,93,13,3,5,,1,26,13,8,2,27,3,
3/5/21,2,7,9,3,6,2,14,7,42,1,7,34,18,7,9,10,7,153,5,5,23,9,16,3,189,5,2,6,13,3,84,10,2,,3,3,2,2,11,,5,7,33,7,28,11,50,65,5,16,8,34,,2,9,2,59,2,2,17,1,1,4,1,11,4,21,5,2,19,13,4,11,7,,33,91,20,13,8,1,2,29,17,24,1,27,5,
3/6/21,4,4,7,5,,2,5,4,36,2,8,16,22,2,8,5,11,140,7,7,22,6,17,2,136,3,1,6,13,2,74,7,2,2,3,4,1,,11,4,2,2,13,3,27,6,24,50,5,18,1,28,,1,7,5,43,1,1,12,1,5,2,3,10,,24,4,1,14,6,2,5,4,1,26,71,11,5,9,1,1,31,12,13,2,31,1,
3/7/21,1,5,13,7,7,1,6,2,43,,6,21,21,3,3,6,8,165,1,7,32,8,25,,158,6,3,3,7,2,59,14,3,,2,2,1,3,7,,2,5,33,5,11,2,23,55,,12,3,24,1,1,3,1,37,,3,4,1,4,2,3,5,3,12,1,2,14,11,6,4,9,1,23,68,27,13,6,1,,19,5,15,5,22,3,
3/8/21,5,8,10,3,8,3,4,2,53,1,18,30,35,9,11,10,8,185,3,8,26,14,19,3,204,2,1,13,16,4,99,9,3,1,5,6,7,4,9,5,7,4,39,7,27,8,53,72,4,33,8,42,,2,10,2,43,,7,18,,1,3,4,9,5,27,9,4,11,6,7,11,12,2,64,100,27,11,12,2,2,33,11,17,3,34,6,
3/9/21,,12,8,7,9,2,12,7,51,4,12,21,27,8,9,5,14,178,3,6,31,9,22,1,208,4,2,14,15,4,113,9,5,1,2,4,10,2,10,3,9,8,31,5,31,2,40,70,4,23,12,33,1,1,8,3,57,1,7,13,,3,2,7,6,6,19,4,5,18,8,7,9,18,2,44,92,23,4,11,2,,36,8,14,2,20,5,
3/10/21,2,7,13,10,9,5,19,3,52,1,9,23,29,5,19,3,8,184,,4,34,10,32,3,225,2,2,16,16,9,108,8,4,,6,10,4,3,11,3,6,5,29,7,19,2,35,72,9,25,9,44,,4,12,6,54,2,1,12,1,6,5,9,21,,25,3,4,17,14,10,17,11,2,45,125,16,9,13,,,45,8,12,4,23,4,
3/11/21,,9,9,5,6,2,8,2,53,4,4,25,19,10,6,4,11,176,6,5,23,11,14,1,190,5,2,10,16,8,97,5,3,,4,6,4,3,9,3,6,4,26,4,17,2,30,67,6,31,5,33,,2,9,2,42,,3,4,4,5,1,2,1,1,33,1,8,16,12,5,14,8,5,35,96,10,10,13,,2,32,5,15,4,15,5,
3/12/21,4,7,6,10,7,5,10,3,44,1,5,24,33,10,9,6,7,142,4,4,29,10,23,2,168,5,1,9,15,9,79,9,5,3,5,6,3,2,11,5,8,5,30,4,22,5,31,53,5,23,10,36,1,4,11,4,42,2,4,8,2,6,2,7,9,2,26,4,4,11,10,15,9,9,1,51,86,19,9,9,,,33,4,15,1,22,2,
3/13/21,,3,7,2,6,5,5,2,38,,8,19,16,3,1,4,5,140,1,5,27,9,20,,130,1,1,6,16,4,60,15,1,1,2,4,5,3,12,1,9,,26,3,17,1,25,48,3,22,6,28,,,12,2,45,,1,10,,5,1,4,8,2,11,1,3,10,8,3,14,6,1,30,82,13,9,7,3,1,30,6,7,2,17,4,
3/14/21,5,7,8,14,2,2,7,1,27,1,9,19,24,4,3,2,3,159,3,8,22,7,15,2,133,2,2,6,22,3,80,10,3,,2,7,4,,11,1,4,4,25,3,19,5,21,41,5,19,5,27,1,,9,5,28,,2,7,1,7,,1,4,2,26,4,2,7,7,5,9,8,3,36,81,28,8,12,1,,21,6,16,2,19,5,
3/15/21,4,7,12,12,12,3,17,3,58,3,13,41,16,4,7,3,16,213,4,7,37,11,24,1,220,12,1,9,33,8,133,15,13,1,6,10,3,4,13,8,11,4,24,4,33,6,42,72,7,28,16,39,,1,25,5,59,4,6,6,2,7,5,4,15,4,32,4,6,12,11,6,10,9,6,50,114,42,11,16,,1,37,10,14,6,27,6,
3/16/21,6,8,3,8,8,2,6,1,63,1,2,38,30,5,9,2,4,198,6,4,35,11,30,2,213,3,3,6,22,12,103,6,3,,2,11,5,2,13,,7,5,30,6,17,3,36,72,9,18,9,36,1,6,18,4,56,,1,10,,10,3,3,12,3,29,4,3,9,18,5,8,7,4,47,109,31,12,8,3,1,28,5,13,8,31,4,
3/17/21,1,10,7,15,4,5,16,1,62,3,5,41,29,4,13,4,6,184,3,5,42,12,24,5,202,3,2,8,23,2,142,23,6,3,3,7,2,,17,6,11,14,30,1,27,4,53,83,3,19,12,26,3,1,14,3,41,1,3,15,,4,1,5,12,3,30,4,2,8,7,7,6,12,3,40,98,24,5,10,,3,37,17,9,5,18,4,
3/18/21,3,8,10,13,7,4,14,2,59,1,5,41,21,7,3,4,12,167,5,4,22,11,13,5,187,3,5,11,20,7,106,13,5,,2,4,6,,10,5,14,16,15,7,32,2,42,86,5,26,9,19,2,2,9,3,55,,1,14,,8,2,4,11,2,26,4,5,13,14,2,5,,5,47,116,26,6,10,2,1,25,11,10,2,21,4,
3/19/21,3,8,3,6,6,5,11,5,64,,5,30,20,2,5,5,3,176,2,3,23,14,18,2,176,2,1,13,8,3,106,19,5,,2,2,4,4,12,2,8,15,27,6,21,3,42,69,7,28,8,28,,1,15,3,54,1,2,5,,5,,4,8,4,32,7,1,9,13,4,8,5,3,33,96,16,1,16,,1,18,6,16,2,26,3,
3/20/21,2,9,6,8,4,1,12,2,37,,7,30,11,4,4,1,2,152,4,6,32,9,6,2,154,8,1,8,19,4,80,17,2,1,3,2,3,,11,9,12,8,17,6,19,1,34,53,3,25,9,28,2,2,12,6,39,,3,9,2,8,1,4,12,2,29,6,2,17,14,6,3,7,5,44,86,12,7,8,1,,22,11,8,3,20,7,
3/21/21,,13,7,10,2,1,18,,42,1,5,18,15,2,2,1,1,145,3,7,31,14,20,2,162,5,1,10,12,2,71,10,2,1,7,8,2,1,11,3,9,11,23,1,21,2,28,52,1,28,7,22,1,1,10,2,46,,1,9,,4,3,1,9,4,23,4,1,12,14,4,2,6,3,35,102,32,2,9,1,3,30,5,11,2,22,4,
3/22/21,3,16,7,11,8,6,29,3,58,2,9,52,29,2,5,5,4,249,2,8,33,19,24,,246,7,3,9,21,4,121,22,3,,5,9,3,1,21,3,14,13,34,3,29,3,72,122,1,35,8,37,1,3,17,3,80,1,2,13,2,20,2,5,6,9,42,4,3,10,13,12,6,9,6,45,132,34,10,11,2,,41,5,19,4,19,4,
3/23/21,5,16,6,11,15,8,14,1,55,4,9,71,20,3,14,5,3,222,10,10,43,19,27,3,235,9,8,11,28,5,99,8,3,4,6,4,4,1,17,6,16,18,32,6,22,7,49,109,11,39,4,38,,,10,6,77,,3,16,1,13,3,4,8,4,35,7,7,12,19,11,8,9,5,48,156,32,7,12,2,3,32,5,10,6,31,,
3/24/21,1,24,8,7,14,2,14,2,51,2,8,38,25,2,8,6,3,244,4,6,49,14,25,1,277,7,7,11,27,4,97,26,5,2,3,5,4,1,9,4,14,5,27,3,28,7,68,148,6,38,11,50,2,1,18,4,74,1,5,12,,11,1,6,9,4,35,2,15,9,23,10,7,7,5,56,138,35,8,11,1,1,29,5,9,4,16,4,
3/25/21,8,21,8,20,9,4,20,1,38,,5,33,25,5,13,5,3,229,3,6,47,19,37,4,250,10,1,12,31,1,101,25,6,1,1,5,5,1,11,7,15,13,41,4,29,2,64,120,4,32,14,34,2,1,14,3,80,,2,5,3,13,2,5,5,1,31,8,8,16,15,9,3,14,5,49,121,25,1,7,4,1,18,5,18,1,20,3,
3/26/21,1,13,4,14,10,7,19,,38,2,5,32,24,2,8,2,2,182,8,3,44,11,26,,237,6,2,9,33,5,83,26,4,1,6,5,4,1,12,3,11,8,22,1,30,,45,144,4,42,12,31,2,2,14,5,68,1,4,14,1,8,,4,6,5,34,3,6,23,12,6,4,11,2,43,108,29,5,8,3,2,30,4,16,4,30,3,
3/27/21,1,13,8,6,8,3,14,2,33,2,9,28,19,1,1,4,2,180,2,8,26,9,18,,214,4,4,11,26,6,70,23,3,1,2,2,4,1,6,,17,10,31,4,27,3,37,70,6,30,7,26,1,3,7,1,55,1,3,13,1,6,3,7,5,3,30,,3,12,11,6,6,4,1,37,101,32,2,10,5,,24,3,14,4,29,2,
3/28/21,1,14,10,3,11,2,15,2,36,,5,24,25,2,4,3,9,184,7,3,32,12,21,3,213,6,5,13,33,4,75,25,2,1,7,3,1,1,8,4,8,2,37,3,26,,36,74,2,28,7,17,1,4,6,,70,1,4,18,,7,1,8,5,10,26,2,7,17,10,15,8,7,2,35,114,25,,10,4,1,27,3,5,2,26,5,
3/29/21,2,24,7,18,10,8,11,4,49,1,4,43,35,3,17,5,2,260,6,4,47,16,34,2,268,7,3,18,44,5,107,20,4,2,7,5,3,1,5,5,11,6,33,9,44,5,57,118,4,36,9,38,2,4,15,4,56,2,8,16,1,11,4,1,10,6,36,3,22,16,12,15,15,11,4,63,128,50,6,8,2,,42,10,22,4,22,,
3/30/21,3,20,11,15,11,8,15,3,45,2,4,46,15,4,14,2,7,272,11,4,44,19,36,4,254,9,6,10,59,2,120,24,7,2,5,2,2,,13,1,21,11,46,3,34,2,37,106,4,40,7,37,3,2,10,6,69,,4,14,1,11,2,,18,9,45,2,2,14,24,13,8,10,6,55,128,31,2,13,3,2,36,4,17,9,37,4,
3/31/21,1,18,8,8,14,5,13,1,38,2,8,35,29,2,12,9,1,278,4,16,36,22,38,5,260,7,2,9,32,4,130,22,1,,4,4,5,,6,2,16,9,53,8,32,4,58,133,10,28,8,22,1,,13,3,60,1,5,10,,11,2,4,7,4,32,5,2,15,18,15,3,6,6,49,153,17,5,13,5,1,35,7,15,5,28,1,
4/1/21,2,15,9,17,14,4,15,3,45,1,8,34,27,2,6,3,11,316,12,8,46,14,29,1,272,6,,8,37,2,115,23,4,2,1,2,,3,6,1,17,5,43,9,26,6,48,121,5,27,9,27,3,,8,2,84,,2,14,,10,,8,10,4,33,7,8,24,21,5,6,9,3,43,125,31,6,8,1,1,40,10,11,5,36,,
4/2/21,4,18,3,17,10,12,15,5,36,1,4,36,13,4,5,3,3,273,2,8,44,15,34,1,256,7,,8,23,6,98,27,2,2,1,3,5,4,8,3,6,4,49,5,28,6,48,110,6,40,6,27,2,5,9,1,67,1,3,9,1,11,2,4,13,5,27,5,5,18,15,10,6,4,3,46,124,29,12,6,1,3,37,7,17,6,25,4,
4/3/21,,13,5,6,11,2,11,,40,1,3,17,24,4,6,1,7,229,7,8,33,9,27,1,186,7,,10,18,2,60,18,2,,3,1,4,1,9,2,14,9,37,2,26,2,36,67,7,33,5,28,4,2,13,1,53,4,5,12,2,10,,3,9,3,22,3,4,14,14,9,8,14,5,33,104,18,5,10,1,3,30,3,14,6,19,2,
4/4/21,3,13,5,2,8,3,14,1,37,,1,19,16,4,6,2,8,188,3,10,18,10,27,,204,8,3,11,16,1,46,11,2,,4,2,2,5,6,4,12,7,37,3,12,2,17,85,4,33,6,19,1,2,7,3,61,,3,11,,10,3,6,10,4,18,4,3,14,12,7,5,5,5,26,94,20,6,5,2,1,23,5,13,4,26,,
4/5/21,2,26,5,21,15,9,13,4,61,4,7,41,21,3,31,2,4,387,12,5,45,21,39,1,347,8,2,13,38,7,129,24,7,1,9,5,2,4,10,4,16,17,60,4,42,4,77,170,6,46,9,31,4,8,11,4,101,1,5,15,,10,1,9,13,8,43,7,7,36,18,16,7,10,,73,140,36,13,16,5,1,51,4,20,9,38,4,
4/6/21,2,10,6,23,17,4,14,4,44,1,8,41,20,5,17,,11,330,17,7,53,14,34,2,304,15,5,13,32,2,119,28,,1,4,2,3,3,12,12,19,13,46,6,22,3,73,118,15,49,6,54,2,4,15,2,89,3,2,9,1,7,,2,5,2,39,6,13,29,16,16,6,17,6,60,142,28,8,10,7,1,32,8,31,7,36,4,
4/7/21,4,19,8,19,7,5,13,4,42,2,10,36,29,2,16,4,4,324,5,16,41,25,29,,308,12,3,17,28,8,109,27,5,,3,,2,5,9,3,20,11,42,3,31,3,68,148,20,48,11,39,2,4,22,,82,2,3,17,2,8,4,5,8,4,41,7,10,31,9,12,8,16,8,50,151,44,12,10,2,2,30,3,15,12,34,1,
4/8/21,6,14,6,18,11,12,17,6,40,2,9,26,18,4,14,5,9,321,8,10,35,25,46,1,272,7,,11,34,2,99,20,3,2,6,2,,7,17,6,11,10,71,4,28,5,67,163,11,43,5,31,1,4,17,1,105,2,1,9,1,6,1,8,5,7,37,2,6,17,11,12,8,15,1,40,138,42,7,13,1,1,31,2,9,12,33,2,
4/9/21,1,16,7,18,6,7,17,1,33,2,5,28,21,4,9,6,12,288,4,7,40,25,27,,254,12,,14,34,6,105,22,6,,6,,1,5,13,4,17,11,50,4,20,5,57,160,13,43,9,35,1,6,11,3,78,1,3,11,3,8,2,5,7,7,38,2,3,27,15,21,6,8,10,63,101,31,7,9,5,1,39,2,9,16,33,7,
4/10/21,4,6,4,10,2,8,11,3,28,1,1,22,18,3,7,1,7,249,1,11,35,16,17,,176,4,,10,17,1,98,14,4,,,4,3,2,7,8,11,4,32,4,22,4,49,122,11,30,12,25,,4,7,,75,1,3,7,,6,2,2,7,6,30,3,5,23,7,12,4,6,1,47,103,29,11,8,1,1,26,6,9,13,21,1,
4/11/21,4,11,3,16,2,3,15,2,20,2,7,24,10,10,8,2,6,207,4,8,30,27,25,1,190,9,,15,9,4,59,11,6,1,3,1,4,2,8,4,13,9,47,5,13,3,43,90,7,26,14,24,1,3,8,1,58,,1,14,,6,,4,4,3,25,1,1,12,11,11,1,7,2,29,95,15,4,9,,2,16,5,16,13,27,2,
4/12/21,3,22,7,29,14,11,23,5,56,4,6,35,16,6,18,3,9,335,10,6,49,27,36,4,324,8,3,11,38,3,148,16,5,1,2,7,4,1,13,8,21,8,36,2,21,6,61,170,9,45,15,27,3,4,13,1,91,1,6,5,,6,,6,7,3,31,3,6,27,6,20,3,11,14,61,154,40,10,7,3,,24,2,13,16,31,8,
4/13/21,4,12,6,26,6,10,10,3,45,2,5,20,20,6,13,2,8,334,8,7,37,14,36,,270,8,1,13,33,7,88,14,4,1,3,6,6,,6,4,21,11,31,4,25,2,63,128,5,41,13,18,,5,12,2,82,2,8,11,1,8,,4,6,1,25,7,11,13,16,14,8,14,8,39,128,27,8,10,1,,25,5,16,20,20,4,
4/14/21,2,16,2,19,11,5,13,3,36,1,9,29,18,8,16,1,3,284,6,9,34,25,23,5,251,8,1,6,21,4,95,18,5,2,4,3,3,3,7,8,9,7,47,5,17,5,35,149,17,35,10,26,1,7,14,1,81,1,3,11,,7,2,2,10,1,35,5,3,17,3,3,5,10,7,48,133,27,4,4,,1,23,7,18,9,27,5,
4/15/21,2,10,6,23,7,4,12,4,35,3,7,18,20,8,12,5,9,265,8,11,32,14,28,2,186,2,,6,25,4,115,10,5,1,1,2,4,5,9,1,17,9,42,5,25,6,45,148,6,32,3,22,,7,8,,70,4,1,2,1,7,1,3,6,2,25,4,6,14,4,5,4,14,9,43,105,22,6,7,1,,29,5,10,9,20,3,
4/16/21,2,14,3,11,4,5,11,4,31,1,4,19,16,3,7,3,4,238,2,6,37,23,22,2,237,2,1,3,23,2,106,16,2,2,2,7,4,5,5,3,12,8,25,6,13,3,42,118,7,22,18,18,1,8,8,,61,2,6,7,,7,1,2,3,2,21,6,3,11,7,10,5,10,9,44,109,24,11,5,1,1,24,3,16,7,25,1,
4/17/21,1,17,,10,5,3,14,3,21,4,6,14,7,3,11,2,8,179,,7,25,14,27,1,171,8,,3,15,5,60,6,,,3,,3,5,8,1,16,6,26,3,6,5,37,83,7,20,7,21,1,4,7,,69,,6,6,,5,,1,2,1,22,2,5,11,5,7,10,11,4,35,71,15,6,10,2,,21,4,6,7,17,3,
4/18/21,5,12,7,14,1,6,12,1,17,,7,12,11,7,5,1,5,173,1,8,21,19,27,2,167,9,3,3,22,3,49,6,2,2,2,2,5,3,8,2,10,7,27,1,15,4,34,66,13,29,4,18,1,1,8,,51,,3,4,,7,2,4,4,3,16,2,1,18,5,7,5,6,3,29,86,18,3,6,1,,10,3,5,5,15,3,
4/19/21,7,19,6,20,8,8,13,4,52,,4,25,11,9,17,7,5,284,7,11,37,24,27,2,254,10,1,8,26,7,112,15,5,1,1,6,3,6,13,4,10,7,46,7,22,5,59,121,9,41,7,25,3,10,13,,86,3,8,6,1,4,2,4,7,4,22,4,6,16,10,9,8,11,7,47,90,23,11,4,2,,20,8,11,5,17,5,
4/20/21,4,11,6,20,13,9,14,1,25,1,6,16,22,6,11,1,5,263,5,11,31,16,26,,226,2,3,6,31,,99,14,2,1,3,4,4,3,6,3,7,5,48,,22,6,60,143,10,42,8,15,3,2,8,1,75,1,7,2,,3,,4,7,4,23,4,4,12,16,12,5,3,4,29,89,16,7,11,4,,21,4,7,10,17,3,
4/21/21,8,11,5,15,4,6,18,4,27,1,3,22,16,10,6,2,8,269,5,11,29,14,20,3,197,6,,7,23,1,128,11,2,1,1,3,2,2,6,4,9,2,27,2,26,4,50,113,2,24,6,13,1,3,6,,80,1,5,8,1,4,,1,7,6,27,6,3,8,6,9,7,9,9,43,114,23,2,11,1,1,23,4,7,3,19,,
4/22/21,5,7,7,22,10,9,11,3,36,1,6,11,11,1,9,,2,219,4,8,22,13,22,2,166,11,1,9,16,11,101,10,5,,6,3,3,3,7,2,9,4,22,6,10,5,42,113,2,33,3,21,2,4,12,,72,1,11,4,,7,3,3,7,1,15,3,4,19,5,12,7,8,1,48,87,33,8,8,,,13,1,5,4,14,1,
4/23/21,2,12,4,15,6,9,17,1,34,1,2,22,15,2,19,2,2,227,6,9,26,17,19,2,178,6,1,9,19,3,95,11,7,1,5,,6,8,8,1,10,4,17,6,21,4,44,99,4,28,5,21,5,5,11,2,65,,8,8,,5,2,4,8,,24,5,1,14,8,10,6,8,3,40,69,32,6,7,3,2,16,2,5,6,7,2,
4/24/21,3,19,3,13,3,6,14,5,11,,,18,19,4,3,2,3,186,,5,23,6,25,1,171,4,1,8,13,2,84,12,2,,2,3,3,4,5,2,3,2,22,6,13,4,19,63,1,25,2,15,1,4,7,3,60,,6,5,,9,2,8,9,,30,5,3,7,8,15,2,10,3,32,71,20,2,6,2,,26,2,6,8,16,2,
4/25/21,7,14,3,10,6,3,14,,20,,9,11,16,5,5,1,2,202,2,6,15,7,18,1,123,5,3,3,13,5,73,11,2,2,2,1,1,2,4,,8,5,28,7,8,2,23,72,5,28,4,22,1,4,4,,41,,5,2,,4,2,1,6,2,13,7,,16,7,4,7,5,6,41,73,20,3,4,1,1,19,2,4,3,8,2,
4/26/21,7,26,6,17,7,8,14,9,28,,9,14,29,12,20,4,12,258,3,7,42,20,31,2,221,4,1,15,30,8,98,12,4,2,4,5,6,,8,6,12,3,35,8,22,7,34,97,9,35,8,9,3,8,3,1,76,,9,2,,6,3,3,10,1,30,5,,18,5,7,4,11,8,56,90,41,3,13,5,2,27,5,18,2,13,1,
4/27/21,5,18,7,19,3,12,15,2,30,1,7,20,17,5,15,1,3,261,5,9,27,12,30,3,175,7,1,5,18,5,115,10,5,1,6,5,,1,5,1,7,4,31,6,19,1,56,107,7,36,12,23,1,8,8,1,64,,2,4,1,5,3,1,11,2,28,10,1,25,3,6,5,8,5,36,88,19,4,3,4,1,23,2,12,10,18,2,
4/28/21,5,14,4,15,7,7,18,4,20,3,13,12,16,3,17,,6,253,8,10,23,15,16,1,147,7,,5,17,1,86,9,4,3,3,4,1,1,4,,16,4,40,2,15,4,32,110,5,36,6,20,4,6,7,6,64,,4,11,,4,3,3,2,1,21,3,5,13,5,12,8,10,6,35,91,26,8,4,2,,16,2,12,5,19,,
4/29/21,4,11,4,15,4,8,23,4,19,2,5,11,14,4,13,,2,201,6,10,27,13,26,3,166,4,1,9,20,9,78,2,1,1,3,2,3,4,6,4,10,3,29,2,10,5,39,92,11,32,8,21,1,3,3,1,61,,4,2,2,1,2,2,4,2,21,8,1,15,7,9,5,6,4,45,86,19,3,8,2,1,19,2,11,3,11,1,
4/30/21,8,20,3,12,2,8,8,5,19,,3,14,19,4,18,1,2,195,6,4,19,13,11,,155,8,2,12,9,4,94,11,5,3,3,2,2,1,7,,16,4,25,2,12,3,34,101,13,35,13,10,1,4,5,2,57,,3,4,,1,2,,8,1,27,,2,15,6,5,6,4,3,55,68,15,6,3,,2,24,,9,4,18,,
5/1/21,3,15,3,7,1,8,11,,26,,8,10,15,2,5,,5,174,2,4,15,10,24,2,107,5,,10,17,,47,5,3,2,,7,1,6,3,3,5,2,24,6,16,3,35,78,7,32,2,11,1,4,2,2,50,,3,1,,,1,1,11,4,14,2,5,11,2,4,4,3,9,29,63,7,4,4,2,2,11,7,10,5,23,,
5/2/21,6,13,3,9,,8,15,3,16,3,5,7,12,3,7,2,8,136,,12,14,10,37,2,132,7,2,2,15,2,54,8,3,,,5,,3,4,,4,4,27,4,18,5,32,47,5,26,5,15,3,1,4,2,35,,2,1,,4,2,1,4,1,20,2,6,9,6,7,6,5,3,20,56,14,5,4,,1,17,5,11,3,13,2,
5/3/21,5,21,1,17,2,8,15,6,27,1,8,22,14,8,18,6,7,236,6,7,20,21,24,3,160,9,3,4,25,6,66,1,2,2,3,5,2,3,3,1,14,5,32,2,8,2,51,94,3,44,12,22,1,1,11,5,78,1,1,4,,7,3,1,7,,22,4,6,22,7,8,4,6,4,63,87,22,3,2,2,3,19,5,19,8,16,3,
5/4/21,1,12,4,12,3,7,6,4,32,1,1,12,22,6,14,3,2,244,8,9,16,11,24,5,161,5,1,4,26,3,75,3,2,1,2,4,2,1,6,1,17,6,40,3,10,2,38,87,1,28,8,13,1,2,4,3,62,,2,3,,2,4,2,7,1,19,4,5,20,4,5,4,10,4,48,81,21,7,1,4,3,16,5,9,4,19,2,
5/5/21,6,19,7,12,5,6,13,9,30,,8,14,17,7,16,2,1,201,7,3,4,12,17,1,142,8,1,11,7,2,86,7,2,2,,6,3,3,4,1,9,4,33,2,9,2,39,65,2,35,8,22,2,1,6,1,55,1,8,4,1,3,3,3,6,,12,4,2,7,6,1,5,3,,65,82,20,5,4,3,,17,5,13,3,7,1,
5/6/21,2,10,1,11,3,8,18,3,17,1,5,9,14,3,10,1,1,190,4,5,7,11,16,4,130,5,2,12,17,2,78,12,1,3,1,3,2,3,4,3,3,4,24,10,11,3,27,63,3,37,6,10,1,2,4,1,60,,6,7,2,,,1,6,1,9,2,6,7,7,7,8,4,3,57,64,25,4,4,1,1,19,2,9,6,13,2,
5/7/21,1,11,6,15,5,9,12,11,27,1,2,11,17,5,9,2,1,137,4,3,8,7,12,1,120,3,2,5,10,2,58,6,3,5,3,1,1,8,1,1,4,1,22,3,8,3,23,62,6,25,4,6,,2,5,1,54,1,1,4,,2,1,1,8,,15,,4,11,6,3,3,7,6,40,58,13,3,1,,1,17,2,10,3,7,,
5/8/21,2,12,4,10,,6,10,,22,2,4,8,9,2,12,1,2,116,,7,13,8,16,1,117,6,2,6,6,4,52,1,,2,2,2,3,1,8,,5,3,22,6,3,2,15,54,3,20,4,10,1,3,4,,42,1,,2,,2,2,1,,1,17,2,3,11,5,3,1,4,2,27,50,15,7,1,,4,12,4,7,3,10,1,
5/9/21,3,7,6,5,3,3,6,5,23,3,1,10,4,3,8,1,2,127,2,8,8,9,10,2,105,4,2,2,4,1,31,4,1,2,1,2,2,2,3,1,5,2,18,4,7,3,12,35,6,23,3,9,1,1,3,1,33,,2,5,,1,4,1,3,3,13,,1,13,3,2,4,2,1,36,41,14,3,1,1,,13,1,6,2,1,3,
5/10/21,1,11,11,20,4,7,10,4,22,1,1,17,20,2,12,3,9,177,4,7,11,8,21,3,124,2,2,10,12,5,54,2,2,1,3,7,1,4,5,2,7,2,19,10,7,3,32,73,2,45,4,23,1,4,5,1,56,1,2,2,,1,2,2,4,,21,4,3,6,2,3,7,5,2,59,63,21,6,3,3,4,10,5,16,12,27,1,
5/11/21,2,15,9,13,2,7,4,3,18,2,2,11,8,2,6,2,2,163,3,7,16,4,16,2,127,2,2,9,8,1,68,2,1,2,1,,2,3,4,4,13,4,24,6,10,,35,48,6,28,5,16,,2,5,1,64,1,2,3,1,3,2,1,1,4,12,1,2,5,3,6,5,4,2,33,50,18,4,3,3,2,9,1,10,8,6,1,
5/12/21,2,4,2,16,2,3,7,8,20,,5,8,8,1,15,2,3,154,2,5,11,9,14,2,131,4,1,7,9,1,47,4,1,2,2,3,1,3,2,2,3,1,22,1,9,2,29,55,6,40,5,12,3,,3,,51,1,2,3,,6,3,1,4,1,14,2,2,5,4,2,8,1,,43,55,19,2,10,,1,8,6,8,1,9,1,
5/13/21,1,14,8,10,,1,3,4,19,2,3,14,11,2,15,1,5,133,2,4,9,8,25,3,94,1,2,8,9,6,51,4,1,1,4,2,2,,4,2,3,5,16,4,6,1,30,49,2,29,4,12,2,1,1,,36,,1,,3,1,1,,1,3,7,,3,11,1,6,7,3,,37,48,16,2,20,1,1,9,3,9,3,6,1,
5/14/21,,12,8,11,2,3,8,3,21,2,9,14,12,1,9,1,1,137,2,5,11,7,11,1,87,2,2,9,7,5,48,4,3,1,,1,,3,1,2,9,3,18,4,9,5,21,40,6,23,5,8,1,1,6,,39,,2,6,,,1,2,5,2,11,4,4,5,4,3,4,,2,50,53,30,6,3,,2,14,5,13,4,5,3,
5/15/21,,3,7,10,1,1,2,1,19,1,5,3,6,4,6,2,1,107,,3,7,7,7,1,79,4,2,1,3,2,36,2,2,1,,1,1,3,6,2,3,1,14,4,10,,16,44,3,25,,11,1,2,8,3,29,1,2,4,1,7,1,,5,,14,2,,8,,6,2,1,,32,34,13,3,5,,2,12,3,3,3,6,1,
5/16/21,1,4,6,7,,,17,1,9,,5,8,8,2,2,3,,103,1,2,9,6,10,,88,7,3,7,3,1,32,3,1,2,,2,2,,2,1,5,1,20,2,8,1,18,42,8,17,3,10,2,1,7,2,19,,1,3,2,3,2,,2,4,15,3,3,12,3,4,4,2,1,41,29,11,7,8,3,,11,3,2,,6,,
5/17/21,,6,9,16,,8,3,3,21,2,2,9,13,5,10,1,3,134,1,6,5,5,16,,103,9,4,9,5,3,42,5,1,4,1,,4,2,5,2,8,4,15,12,16,6,28,45,6,34,3,11,,4,4,1,45,1,4,5,,4,1,1,2,1,16,1,1,12,3,3,3,3,7,47,58,23,3,6,,,22,4,13,1,7,4,
5/18/21,2,9,7,11,,1,7,4,16,1,5,13,17,1,7,1,,138,,4,5,5,13,,102,5,1,3,10,3,43,5,,1,1,1,1,1,4,2,4,1,14,4,12,2,36,25,1,32,2,14,2,1,6,,30,,7,1,,1,3,,3,3,13,3,2,11,7,4,3,1,3,46,47,26,8,5,5,1,6,3,9,7,5,1,
5/19/21,3,6,2,18,,5,10,1,16,2,3,4,13,,10,,2,107,7,6,10,8,6,2,90,4,3,4,4,2,40,3,1,,1,3,2,1,2,,5,2,19,,8,2,25,31,1,38,4,8,,2,5,1,33,,,2,,1,,,2,1,26,3,1,11,4,5,9,,3,33,45,12,9,9,2,,20,3,10,1,9,3,
5/20/21,2,2,4,9,2,3,6,2,8,2,4,3,19,4,6,,,103,4,2,5,3,10,2,78,3,1,6,7,3,53,2,2,1,,2,,3,1,,5,1,17,7,10,2,34,28,3,25,3,5,,5,6,1,20,,1,1,1,2,2,,3,3,11,,,3,1,5,1,1,2,35,43,16,4,4,,,12,11,8,1,4,1,
5/21/21,1,6,,8,1,2,3,3,11,,2,6,10,2,3,,4,107,2,5,5,5,7,,65,,1,6,7,1,38,4,2,1,1,2,4,7,2,1,1,4,10,9,2,1,13,20,,24,3,13,4,1,4,1,32,,1,3,,1,,,5,,8,1,1,6,4,5,5,1,1,23,41,17,4,2,3,,8,6,9,1,4,1,
5/22/21,,5,3,3,1,2,2,,11,1,2,2,7,1,5,,,65,3,,9,3,7,,38,1,1,,5,4,12,1,2,3,1,2,,2,,,1,2,16,5,6,1,12,14,,14,1,2,,1,,2,22,,,1,1,,,1,,1,11,,,7,1,,,,1,23,22,16,,3,2,,8,1,6,,3,,
5/23/21,,3,1,8,,,2,,6,,5,6,8,2,3,,1,62,1,2,6,6,4,2,38,1,,6,3,,13,1,2,3,1,,,,2,1,2,1,4,4,2,,19,15,,12,2,1,,,6,1,7,1,3,2,,,,1,,1,7,3,1,2,,3,3,1,,10,14,5,1,1,1,,3,3,6,2,5,,
5/24/21,1,7,5,10,1,2,3,1,13,2,7,12,7,1,6,,,101,3,,9,4,6,2,82,1,,3,6,,27,2,1,2,,,,5,3,3,3,3,13,3,6,1,25,16,1,26,13,6,,1,11,1,23,,2,1,2,2,,,,,12,,3,4,1,1,3,6,1,27,42,6,3,4,2,,7,4,6,,7,1,
5/25/21,,1,,4,,1,3,,9,,,2,9,,3,,,58,,1,8,3,11,1,52,1,1,3,8,1,14,,1,1,1,,,,1,2,2,3,7,3,1,2,11,10,3,17,3,1,1,,3,,20,,,4,,,,1,2,1,11,,,4,,1,2,1,,10,12,9,,,2,,6,2,6,1,3,1,
