,year,violent,murder,robbery,population,state,law
1,1977,414.4,14.2,96.8,3.780403,AL,no
2,1978,419.1,13.3,99.1,3.831838,AL,no
3,1979,413.3,13.2,109.5,3.866248,AL,no
4,1980,448.5,13.2,132.1,3.900368,AL,no
5,1981,470.5,11.9,126.5,3.918531,AL,no
6,1982,447.7,10.6,112,3.925229,AL,no
7,1983,416,9.2,98.4,3.934103,AL,no
8,1984,431.2,9.4,96.1,3.951826,AL,no
9,1985,457.5,9.8,105.4,3.97252,AL,no
10,1986,558,10.1,111.6,3.991562,AL,no
11,1987,559.2,9.3,112.2,4.015257,AL,no
12,1988,558.6,9.9,117.8,4.023848,AL,no
13,1989,590.8,10.2,133.9,4.030224,AL,no
14,1990,708.6,11.6,143.7,4.048508,AL,no
15,1991,844.2,11.5,152.8,4.091025,AL,no
16,1992,871.7,11,164.9,4.139269,AL,no
17,1993,780.4,11.6,159.5,4.193114,AL,no
18,1994,683.7,11.9,171.2,4.232965,AL,no
19,1995,632.4,11.2,185.8,4.262731,AL,no
20,1996,565.4,10,167,4.290403,AL,no
21,1997,564.5,9.9,160.5,4.320281,AL,no
22,1998,512.1,8.1,130.9,4.351037,AL,no
23,1999,490.2,7.9,121.2,4.369862,AL,no
24,1977,443.2,10.8,96.8,0.403437,AK,no
25,1978,441.9,12.9,91.3,0.404764,AK,no
26,1979,491.1,13.3,109.6,0.402753,AK,no
27,1980,436,8.9,81.8,0.405315,AK,no
28,1981,615.8,14.6,114.6,0.418488,AK,no
29,1982,623.7,18.5,133.8,0.449611,AK,no
30,1983,613.8,13.8,97.1,0.488417,AK,no
31,1984,621.6,11.6,109.4,0.513703,AK,no
32,1985,581.8,9.8,92.9,0.532492,AK,no
33,1986,570.4,8.6,88,0.544269,AK,no
34,1987,455.4,10.1,73.1,0.53931,AK,no
35,1988,522.8,5.7,72.9,0.541982,AK,no
36,1989,497.7,8,67.6,0.547153,AK,no
37,1990,524.5,7.5,76.7,0.55312,AK,no
38,1991,613.9,7.4,113.2,0.569273,AK,no
39,1992,660.5,7.5,109,0.587073,AK,no
40,1993,760.8,9,122.4,0.596993,AK,no
41,1994,766.3,6.3,146.2,0.600624,AK,no
42,1995,770.9,9.1,155.1,0.601345,AK,yes
43,1996,727.7,7.4,117,0.604918,AK,yes
44,1997,701.1,8.9,106.4,0.608846,AK,yes
45,1998,653.9,6.7,86.6,0.615205,AK,yes
46,1999,631.5,8.6,91.4,0.6195,AK,yes
47,1977,494.2,9.5,138.2,2.425197,AZ,no
48,1978,552.1,9.4,162.9,2.515318,AZ,no
49,1979,593,8.9,175.7,2.63557,AZ,no
50,1980,650.9,10.3,193.6,2.737774,AZ,no
51,1981,575.8,8.1,177.6,2.810127,AZ,no
52,1982,517,8.3,158.6,2.889865,AZ,no
53,1983,494.2,7.2,132.4,2.968928,AZ,no
54,1984,516.1,7.8,131.1,3.067142,AZ,no
55,1985,602.5,8,146.5,3.183535,AZ,no
56,1986,658.3,9.3,169.2,3.308262,AZ,no
57,1987,612.6,7.5,138.4,3.437102,AZ,no
58,1988,610.1,8.5,137,3.535179,AZ,no
59,1989,599.6,6.7,139,3.622176,AZ,no
60,1990,652.4,7.7,160.9,3.679056,AZ,no
61,1991,670.7,7.8,165.7,3.762394,AZ,no
62,1992,670.8,8.1,153.1,3.867333,AZ,no
63,1993,715,8.6,162.9,3.99339,AZ,no
64,1994,703.1,10.5,162,4.147561,AZ,no
65,1995,713.5,10.4,173.8,4.306908,AZ,yes
66,1996,631.5,8.5,167.8,4.432308,AZ,yes
67,1997,623.7,8.2,165.7,4.552207,AZ,yes
68,1998,577.9,8.1,165.2,4.667277,AZ,yes
69,1999,551.2,8,152.5,4.778332,AZ,yes
70,1977,322.9,8.8,83.2,2.20901,AR,no
71,1978,344.1,9.1,80,2.243125,AR,no
72,1979,366.2,9.1,74.6,2.271335,AR,no
73,1980,335.2,9.2,80.9,2.288738,AR,no
74,1981,310.3,9.1,77.4,2.293195,AR,no
75,1982,324.7,8.2,78.8,2.294262,AR,no
76,1983,297.7,7.6,69.3,2.305754,AR,no
77,1984,321.4,7.5,67.6,2.319774,AR,no
78,1985,347.6,7.9,68.5,2.327044,AR,no
79,1986,394.8,8.1,79.7,2.33199,AR,no
80,1987,412,7.6,79.1,2.342359,AR,no
81,1988,422.7,8.7,84.1,2.342638,AR,no
82,1989,473.7,8.4,110.6,2.346387,AR,no
83,1990,532.2,10.3,113.2,2.354343,AR,no
84,1991,593.3,11.1,135.6,2.370666,AR,no
85,1992,576.5,10.8,125.5,2.394098,AR,no
86,1993,593.3,10.2,124.9,2.423743,AR,no
87,1994,595.1,12,128.7,2.450605,AR,no
88,1995,553.2,10.4,125.7,2.480121,AR,no
89,1996,524,9,114,2.504858,AR,yes
90,1997,526.9,9.9,111.5,2.524007,AR,yes
91,1998,490.2,7.9,96.2,2.538202,AR,yes
92,1999,425.2,5.6,79.3,2.551373,AR,yes
93,1977,706,11.5,287,22.3524,CA,no
94,1978,742.9,11.7,306.1,22.83596,CA,no
95,1979,811.1,13,333.8,23.25689,CA,no
96,1980,893.6,14.5,384.2,23.8008,CA,no
97,1981,863,13,388.2,24.28594,CA,no
98,1982,814.7,11.2,372.1,24.82001,CA,no
99,1983,772.6,10.5,340.9,25.36002,CA,no
100,1984,763.4,10.6,327.5,25.84439,CA,no
101,1985,765.3,10.5,327.7,26.44111,CA,no
102,1986,920.5,11.3,342.9,27.10224,CA,no
103,1987,918,10.6,301.3,27.77715,CA,no
104,1988,929.8,10.4,305.8,28.46425,CA,no
105,1989,977.7,10.9,331.8,29.21816,CA,no
106,1990,1045.2,11.9,377,29.95011,CA,no
107,1991,1089.9,12.7,411.3,30.41411,CA,no
108,1992,1119.7,12.7,424.1,30.87592,CA,no
109,1993,1077.8,13.1,405.1,31.14721,CA,no
110,1994,1013,11.8,356.8,31.31718,CA,no
111,1995,966,11.2,331.2,31.49352,CA,no
112,1996,862.7,9.1,295.6,31.78083,CA,no
113,1997,798.3,8,252.5,32.21771,CA,no
114,1998,703.7,6.6,210.6,32.68279,CA,no
115,1999,627.2,6,181.1,33.14512,CA,no
116,1977,511.9,6.3,170.7,2.696142,CO,no
117,1978,498,7.3,159.2,2.766748,CO,no
118,1979,522.1,5.8,157,2.849234,CO,no
119,1980,528.6,6.9,160.1,2.908803,CO,no
120,1981,531.7,8.1,159.5,2.977895,CO,no
121,1982,504.2,6,150.6,3.061569,CO,no
122,1983,476.4,6.4,126.4,3.133628,CO,no
123,1984,457.8,5.8,114,3.169987,CO,no
124,1985,471,5.8,124.2,3.208717,CO,no
125,1986,523.6,7,144.8,3.237447,CO,no
126,1987,467.5,5.8,118.8,3.260478,CO,no
127,1988,472.6,5.7,98.8,3.262281,CO,no
128,1989,471.4,4.4,90,3.275821,CO,no
129,1990,526,4.2,90.6,3.303862,CO,no
130,1991,559.3,5.9,107.4,3.367567,CO,no
131,1992,578.8,6.2,120.5,3.459995,CO,no
132,1993,567.3,5.8,116.7,3.560884,CO,no
133,1994,509.6,5.4,106.9,3.65391,CO,no
134,1995,440.2,5.8,96.2,3.738061,CO,no
135,1996,404.5,4.7,98.2,3.812716,CO,no
136,1997,363.2,4,83.3,3.891293,CO,no
137,1998,377.9,4.6,81.5,3.968967,CO,no
138,1999,340.5,4.6,75.3,4.056133,CO,no
139,1977,282.3,4.2,129.5,3.085722,CT,no
140,1978,315,4.2,154.8,3.091629,CT,no
141,1979,414.2,4.2,193.3,3.095914,CT,no
142,1980,412.5,4.7,218,3.113174,CT,no
143,1981,448.1,5.4,246.1,3.128839,CT,no
144,1982,399.5,5.2,208.5,3.139012,CT,no
145,1983,375,4.1,200.6,3.162343,CT,no
146,1984,393.8,3.9,190.5,3.180023,CT,no
147,1985,402,3.8,190,3.201128,CT,no
148,1986,425.8,4.6,192.2,3.223737,CT,no
149,1987,419,4.9,178.1,3.247291,CT,no
150,1988,455.4,5.4,187.6,3.271958,CT,no
151,1989,511.8,5.9,214.8,3.283409,CT,no
152,1990,553.7,5.1,234.8,3.289056,CT,no
153,1991,539.7,5.7,224.4,3.28864,CT,no
154,1992,495.3,5.1,210.9,3.274997,CT,no
155,1993,456.2,6.3,196.7,3.272325,CT,no
156,1994,455.5,6.6,187.8,3.268346,CT,no
157,1995,405.9,4.6,163.2,3.265293,CT,no
158,1996,412,4.8,169.6,3.26703,CT,no
159,1997,390.9,3.8,152.9,3.268514,CT,no
160,1998,366.3,4.1,133.8,3.272563,CT,no
161,1999,345.6,3.3,123.5,3.282031,CT,no
162,1977,382.1,6,157,0.591829,DE,no
163,1978,440.7,6.7,145.5,0.594777,DE,no
164,1979,537.3,5.7,129.4,0.594982,DE,no
165,1980,474.8,6.9,137,0.594919,DE,no
166,1981,509,6.7,141.1,0.595971,DE,no
167,1982,559.8,5.3,122.4,0.599136,DE,no
168,1983,453.1,4.1,115.3,0.605415,DE,no
169,1984,435.7,4.1,116,0.611517,DE,no
170,1985,433.3,4.8,124.3,0.618284,DE,no
171,1986,427,4.9,124.2,0.627557,DE,no
172,1987,430.7,5.1,122.5,0.636957,DE,no
173,1988,451.7,5.2,118.8,0.647585,DE,no
174,1989,556.5,5.1,138.8,0.658233,DE,no
175,1990,655.2,5,164.8,0.669063,DE,no
176,1991,714.3,5.4,214.7,0.680495,DE,no
177,1992,621.2,4.6,151.2,0.690158,DE,no
178,1993,685.9,5,186.7,0.699475,DE,no
179,1994,644.3,4.7,161.6,0.708416,DE,no
180,1995,725,3.5,198.7,0.718265,DE,no
181,1996,668.3,4.3,179.9,0.72709,DE,no
182,1997,677.9,2.5,179.5,0.735024,DE,no
183,1998,762.4,2.8,194.2,0.744066,DE,no
184,1999,734,3.2,197.9,0.753538,DE,no
185,1977,1426.5,27.8,964.5,0.677229,DC,no
186,1978,1411.7,28,939.6,0.665051,DC,no
187,1979,1608.7,27.4,1054.9,0.650015,DC,no
188,1980,2010.6,31.5,1400.6,0.638284,DC,no
189,1981,2274.8,35.1,1635.1,0.636894,DC,no
190,1982,2123.1,30.7,1448,0.634171,DC,no
191,1983,1915.4,29.4,1235.6,0.632439,DC,no
192,1984,1721.5,28.1,977,0.633382,DC,no
193,1985,1624.8,23.5,835.5,0.634543,DC,no
194,1986,1505.3,31,754,0.638278,DC,no
195,1987,1610.3,36.2,717.4,0.636934,DC,no
196,1988,1921.6,59.5,917.7,0.63043,DC,no
197,1989,2141.9,71.9,1083.1,0.624165,DC,no
198,1990,2458.2,77.8,1213.5,0.603814,DC,no
199,1991,2453.3,80.6,1215.6,0.593239,DC,no
200,1992,2832.8,75.2,1266.4,0.584183,DC,no
201,1993,2921.8,78.5,1229.6,0.576358,DC,no
202,1994,2662.6,70,1107.2,0.564982,DC,no
203,1995,2661.4,65,1239,0.551273,DC,no
204,1996,2469.8,73.1,1186.7,0.538273,DC,no
205,1997,2024.2,56.9,850.9,0.528752,DC,no
206,1998,1718.5,49.7,689.5,0.521426,DC,no
207,1999,1627.7,46.4,644.3,0.519,DC,no
208,1977,686.8,10.2,187.9,8.856183,FL,no
209,1978,765.6,11,206,9.102032,FL,no
210,1979,833.9,12.2,249.4,9.426159,FL,no
211,1980,983.5,14.5,355.5,9.839835,FL,no
212,1981,965.1,15,348.9,10.19278,FL,no
213,1982,896.8,13.5,297.6,10.47141,FL,no
214,1983,826.7,11.2,263.4,10.74984,FL,no
215,1984,868,11.5,276.2,11.03992,FL,no
216,1985,941.1,11.4,312.4,11.35112,FL,no
217,1986,1036.5,11.7,366.8,11.6675,FL,no
218,1987,1024.4,11.4,356.6,11.99729,FL,no
219,1988,1117.7,11.4,403.3,12.3064,FL,yes
220,1989,1109.4,11.1,404,12.63771,FL,yes
221,1990,1244.3,10.7,416.8,13.01836,FL,yes
222,1991,1184.3,9.4,399.8,13.2895,FL,yes
223,1992,1207.2,9,366.9,13.50478,FL,yes
224,1993,1206,8.9,357.6,13.71359,FL,yes
225,1994,1146.8,8.3,328.8,13.9618,FL,yes
226,1995,1071,7.3,299.9,14.1854,FL,yes
227,1996,1051,7.5,289.2,14.42691,FL,yes
228,1997,1023.6,6.9,276.1,14.68335,FL,yes
229,1998,938.7,6.5,242.7,14.90823,FL,yes
230,1999,854,5.7,211.6,15.11124,FL,yes
231,1977,439.8,11.7,140.5,5.219699,GA,no
232,1978,482.8,14.4,166.3,5.295753,GA,no
233,1979,558.7,17.1,213.7,5.401385,GA,no
234,1980,555.3,13.8,197.6,5.486174,GA,no
235,1981,548.2,17.2,196.4,5.568343,GA,no
236,1982,478.2,12.6,154.6,5.649793,GA,no
237,1983,456.7,8.4,144.2,5.728254,GA,no
238,1984,478.6,9.4,144.1,5.834957,GA,no
239,1985,507.2,10.4,164.2,5.962668,GA,no
240,1986,587.6,11.2,213.9,6.08466,GA,no
241,1987,576.5,11.8,209.2,6.20847,GA,no
242,1988,665.3,11.7,243.6,6.316153,GA,no
243,1989,735.8,12.7,271.1,6.411085,GA,no
244,1990,756.3,11.8,263.5,6.506531,GA,yes
245,1991,738.2,12.8,268.2,6.621279,GA,yes
246,1992,733.2,11,249.8,6.759474,GA,yes
247,1993,723.1,11.4,248,6.894092,GA,yes
248,1994,667.7,10,222.6,7.0459,GA,yes
249,1995,657.1,9.5,205.2,7.188538,GA,yes
250,1996,638.7,8.6,205.4,7.332225,GA,yes
251,1997,606.6,7.5,206.7,7.486094,GA,yes
252,1998,572.7,8.1,187.2,7.636522,GA,yes
253,1999,534,7.5,166.4,7.78824,GA,yes
254,1977,224.8,7.2,128,0.918257,HI,no
255,1978,270.1,6.7,173.6,0.931586,HI,no
256,1979,289.7,7.2,184.5,0.953305,HI,no
257,1980,299.5,8.7,190.2,0.96771,HI,no
258,1981,247.6,4.8,148.4,0.978174,HI,no
259,1982,255.7,3.1,156.9,0.993802,HI,no
260,1983,252.1,5.6,130,1.012717,HI,no
261,1984,231.9,3.3,115.9,1.027935,HI,no
262,1985,219.4,4.1,99.4,1.039683,HI,no
263,1986,245.2,4.8,106.3,1.051759,HI,no
264,1987,263.3,4.8,98,1.067911,HI,no
265,1988,257.1,4,84.1,1.079823,HI,no
266,1989,270.1,4.8,83.2,1.094584,HI,no
267,1990,280.9,4,91.4,1.112703,HI,no
268,1991,241.8,4,86.9,1.131412,HI,no
269,1992,258.4,3.6,99.2,1.149926,HI,no
270,1993,261.2,3.8,103.6,1.161508,HI,no
271,1994,262.2,4.2,103.6,1.173903,HI,no
272,1995,295.6,4.7,130.8,1.18049,HI,no
273,1996,280.6,3.4,135.6,1.184434,HI,no
274,1997,277.9,4,118.2,1.189322,HI,no
275,1998,246.9,2,102.7,1.190472,HI,no
276,1999,235,3.7,88.1,1.185497,HI,no
277,1977,236.9,5.5,39.6,0.883471,ID,no
278,1978,236.4,5.4,40,0.910691,ID,no
279,1979,288.7,5.4,43.3,0.932626,ID,no
280,1980,313.4,3.1,46.8,0.947983,ID,no
281,1981,283.3,4.5,37.7,0.962203,ID,no
282,1982,259.2,2.5,30.3,0.973729,ID,no
283,1983,238.7,3.5,27.3,0.981858,ID,no
284,1984,235.3,3.4,24.4,0.990841,ID,no
285,1985,234.8,2.2,26.8,0.994046,ID,no
286,1986,222.5,3.2,21.3,0.990226,ID,no
287,1987,214.2,3.1,24.2,0.985004,ID,no
288,1988,234.7,3.6,20.2,0.985669,ID,no
289,1989,254.6,2.6,15,0.994426,ID,no
290,1990,275.7,2.7,15,1.011882,ID,no
291,1991,290.3,1.8,20.7,1.038915,ID,yes
292,1992,281.4,3.5,21.5,1.06649,ID,yes
293,1993,281.8,2.9,16.9,1.101204,ID,yes
294,1994,285.8,3.5,18.4,1.135459,ID,yes
295,1995,322,4.1,24,1.165,ID,yes
296,1996,267.2,3.6,20.3,1.187706,ID,yes
297,1997,256.8,3.2,19.6,1.210638,ID,yes
298,1998,282.2,2.9,21.5,1.230923,ID,yes
299,1999,244.9,2,17.8,1.2517,ID,yes
300,1977,630.6,9.9,280.3,11.38632,IL,no
301,1978,676.7,9.9,292.9,11.41256,IL,no
302,1979,743.9,10.7,321.1,11.39684,IL,no
303,1980,808,10.6,367,11.4347,IL,no
304,1981,792.5,10.5,373.2,11.44346,IL,no
305,1982,774.3,8.8,346.8,11.42341,IL,no
306,1983,728.1,9.7,318.9,11.40882,IL,no
307,1984,724.9,9,303.8,11.41214,IL,no
308,1985,714.8,8,287.1,11.3998,IL,no
309,1986,808.9,8.9,325.3,11.38726,IL,no
310,1987,796.2,8.3,314.3,11.39118,IL,no
311,1988,810.4,8.6,312.7,11.39018,IL,no
312,1989,845.9,9,335.7,11.40979,IL,no
313,1990,967.4,10.3,394,11.44698,IL,no
314,1991,1039.2,11.3,456.1,11.53597,IL,no
315,1992,977.3,11.4,412.5,11.6352,IL,no
316,1993,959.7,11.4,381.2,11.72598,IL,no
317,1994,960.9,11.7,372.6,11.80499,IL,no
318,1995,996.1,10.3,330.8,11.88494,IL,no
319,1996,890.4,10,279.4,11.953,IL,no
320,1997,861.4,9.2,278.4,12.01151,IL,no
321,1998,807.7,8.4,248.5,12.06977,IL,no
322,1999,732.5,7.7,219.4,12.12837,IL,no
323,1977,310.6,7.4,123.2,5.425637,IN,yes
324,1978,323.5,6.2,121.4,5.470213,IN,yes
325,1979,338,8.3,132.7,5.501176,IN,yes
326,1980,377.8,8.9,141.4,5.490721,IN,yes
327,1981,341.6,7.1,129,5.480425,IN,yes
328,1982,300.6,6.5,109,5.467927,IN,yes
329,1983,283.8,5.2,99.9,5.450402,IN,yes
330,1984,305.2,5.5,98.9,5.458328,IN,yes
331,1985,309.4,5.8,92.1,5.459216,IN,yes
332,1986,307.7,6,90,5.454114,IN,yes
333,1987,328.5,5.6,88.6,5.473009,IN,yes
334,1988,380,6.4,89,5.491734,IN,yes
335,1989,406.5,6.3,101.4,5.523684,IN,yes
336,1990,473.9,6.2,101.3,5.555097,IN,yes
337,1991,505.3,7.5,116,5.602062,IN,yes
338,1992,508.5,8.2,122.2,5.648649,IN,yes
339,1993,489.1,7.5,119.8,5.701965,IN,yes
340,1994,525.1,7.9,130.2,5.745626,IN,yes
341,1995,524.7,8,135.2,5.791819,IN,yes
342,1996,537,7.2,124.1,5.834908,IN,yes
343,1997,514.6,7.3,132.4,5.87237,IN,yes
344,1998,431,7.7,111.2,5.907617,IN,yes
345,1999,374.6,6.6,109.3,5.942901,IN,yes
346,1977,144,2.3,41.2,2.913573,IA,no
347,1978,161.4,2.6,46.9,2.918071,IA,no
348,1979,181.2,2.2,50.2,2.915739,IA,no
349,1980,200.4,2.2,54.9,2.914018,IA,no
350,1981,204.2,2.6,53.6,2.907975,IA,no
351,1982,172.7,2.3,36.2,2.88819,IA,no
352,1983,181.1,2.3,41,2.87055,IA,no
353,1984,198.7,2,38.3,2.858624,IA,no
354,1985,211.7,1.9,41.2,2.829685,IA,no
355,1986,235.1,1.8,42,2.791966,IA,no
356,1987,231.2,2.1,36.2,2.767005,IA,no
357,1988,256.8,1.7,39.9,2.768392,IA,no
358,1989,266.3,1.9,39,2.770585,IA,no
359,1990,299.7,1.9,39.2,2.779769,IA,no
360,1991,303.3,2,45,2.791227,IA,no
361,1992,278,1.6,39.6,2.806923,IA,no
362,1993,325.5,2.3,53.9,2.820525,IA,no
363,1994,315.1,1.7,46.9,2.829422,IA,no
364,1995,354.4,1.8,53,2.84086,IA,no
365,1996,272.5,1.9,45.1,2.848473,IA,no
366,1997,310,1.8,55.9,2.854396,IA,no
367,1998,311.5,1.9,50.9,2.861025,IA,no
368,1999,280,1.5,36.6,2.869413,IA,no
369,1977,309.8,6.6,100.7,2.320647,KS,no
370,1978,318.2,5.7,93.7,2.335657,KS,no
371,1979,353.6,5.5,102.3,2.350908,KS,no
372,1980,389.3,6.9,113.1,2.369039,KS,no
373,1981,369.4,6.3,109.7,2.384859,KS,no
374,1982,335.9,5.7,87,2.401211,KS,no
375,1983,326.6,5.6,84,2.415537,KS,no
376,1984,334.2,3.7,71.6,2.424076,KS,no
377,1985,355.8,4.9,78.7,2.427412,KS,no
378,1986,368.8,4.4,79.6,2.432616,KS,no
379,1987,360.7,4.4,82.1,2.445387,KS,no
380,1988,365.2,3.4,85.9,2.461987,KS,no
381,1989,400.8,5.5,99.8,2.472847,KS,no
382,1990,447.7,4,117.6,2.480683,KS,no
383,1991,499.6,6.1,138.4,2.495209,KS,no
384,1992,510.8,6,129.9,2.526042,KS,no
385,1993,496.4,6.4,123.6,2.547605,KS,no
386,1994,443,6.7,115.1,2.569118,KS,no
387,1995,420.7,6.2,108.2,2.586942,KS,no
388,1996,413.8,6.6,96.3,2.598266,KS,no
389,1997,409.2,6,93.3,2.616339,KS,no
390,1998,397,5.9,86.8,2.638667,KS,no
391,1999,382.8,6,77.1,2.654052,KS,no
392,1977,233.6,10.1,81.1,3.573694,KY,no
393,1978,223.2,9,81.3,3.609976,KY,no
394,1979,248,9.5,92.1,3.641806,KY,no
395,1980,266.7,8.8,95.2,3.664221,KY,no
396,1981,289.5,8.4,100.7,3.670385,KY,no
397,1982,315,9.7,97.3,3.683437,KY,no
398,1983,322.2,9.8,87.1,3.69448,KY,no
399,1984,277.8,6.6,70.7,3.695451,KY,no
400,1985,305.5,6.9,75.7,3.694827,KY,no
401,1986,334.4,6.7,82.5,3.687813,KY,no
402,1987,337.8,7.5,90.2,3.683325,KY,no
403,1988,330.1,6.2,74.3,3.680003,KY,no
404,1989,356.9,7.9,76.1,3.677312,KY,no
405,1990,390.4,7.2,69.1,3.692584,KY,no
406,1991,438,6.8,83.1,3.714686,KY,no
407,1992,535.5,5.8,87.2,3.756358,KY,no
408,1993,462.7,6.6,90.4,3.792288,KY,no
409,1994,444,6.4,93.9,3.823215,KY,no
410,1995,364.7,7.2,103.7,3.855248,KY,no
411,1996,320.5,5.9,93.8,3.881051,KY,no
412,1997,316.9,5.8,90.7,3.907816,KY,yes
413,1998,284,4.6,75.4,3.93431,KY,yes
414,1999,300.6,5.4,80,3.960825,KY,yes
415,1977,524.8,15.5,142.9,4.014462,LA,no
416,1978,584.9,15.8,173.7,4.068578,LA,no
417,1979,676.3,16.9,219.4,4.137666,LA,no
418,1980,665,15.7,197,4.223101,LA,no
419,1981,638.3,15.6,202,4.283298,LA,no
420,1982,669.1,16,212.6,4.35261,LA,no
421,1983,640.9,14.2,190,4.395316,LA,no
422,1984,678,12.9,190.5,4.400474,LA,no
423,1985,694.2,10.9,190.3,4.408121,LA,no
424,1986,758.2,12.8,223.8,4.406918,LA,no
425,1987,693,11.1,179,4.344129,LA,no
426,1988,717.4,11.6,209,4.288835,LA,no
427,1989,781.8,14.9,237.3,4.252906,LA,no
428,1990,898.4,17.2,269.8,4.219179,LA,no
429,1991,951,16.9,278.9,4.24095,LA,no
430,1992,984.6,17.4,271.4,4.270849,LA,yes
431,1993,1061.7,20.3,283.6,4.284749,LA,yes
432,1994,981.9,19.8,267.2,4.3065,LA,yes
433,1995,1007.4,17,268.6,4.327978,LA,yes
434,1996,929.1,17.5,276.6,4.338763,LA,yes
435,1997,855.9,15.7,239.1,4.35139,LA,yes
436,1998,779.5,12.8,198,4.362758,LA,yes
437,1999,732.7,10.7,173.6,4.372035,LA,yes
438,1977,224.7,2.4,38.7,1.103577,ME,no
439,1978,207.7,2.7,32.9,1.113565,ME,no
440,1979,202.5,2.8,31.8,1.122564,ME,no
441,1980,193.4,2.8,30.8,1.12686,ME,no
442,1981,195.6,3.2,32.5,1.133021,ME,no
443,1982,163,2.1,30.5,1.136684,ME,yes
444,1983,159.6,2.1,27.1,1.144769,ME,yes
445,1984,158.5,1.7,26.4,1.15563,ME,yes
446,1985,167.5,2.4,24.4,1.162935,ME,yes
447,1986,147,2,27.9,1.170121,ME,yes
448,1987,152.1,2.5,25.6,1.18457,ME,yes
449,1988,157.4,3.1,25.8,1.20383,ME,yes
450,1989,137.2,3.2,24,1.219944,ME,yes
451,1990,143.2,2.4,25.1,1.231296,ME,yes
452,1991,132.1,1.2,22.7,1.235439,ME,yes
453,1992,130.9,1.7,23.3,1.235748,ME,yes
454,1993,125.7,1.6,21.3,1.238256,ME,yes
455,1994,129.9,2.3,22.4,1.237687,ME,yes
456,1995,131.4,2,26.9,1.237438,ME,yes
457,1996,124.9,2,23.5,1.241436,ME,yes
458,1997,120.8,2,20.7,1.245215,ME,yes
459,1998,125.8,2,21.1,1.247554,ME,yes
460,1999,112.2,2.2,19.4,1.25304,ME,yes
461,1977,693.8,8,292.1,4.169594,MD,no
462,1978,732,8.2,309.6,4.183604,MD,no
463,1979,795.5,9.8,331.2,4.191163,MD,no
464,1980,852.4,9.5,392.7,4.227643,MD,no
465,1981,887.1,9.9,424.4,4.261908,MD,no
466,1982,850,10.1,360.5,4.282917,MD,no
467,1983,807.1,8.5,347.4,4.313319,MD,no
468,1984,792.3,8.1,301.1,4.365238,MD,no
469,1985,834.6,7.9,302.2,4.413075,MD,no
470,1986,833,9,304,4.486957,MD,no
471,1987,767.8,9.6,290.3,4.565578,MD,no
472,1988,806.8,9.7,301.3,4.657908,MD,no
473,1989,855.4,11.6,332.1,4.727298,MD,no
474,1990,919,11.5,363.8,4.797431,MD,no
475,1991,956.2,11.7,407.1,4.856176,MD,no
476,1992,1000.1,12.1,429,4.902545,MD,no
477,1993,997.8,12.7,434.7,4.942504,MD,no
478,1994,948,11.6,402.5,4.985411,MD,no
479,1995,986.9,11.8,423.1,5.02365,MD,no
480,1996,931.2,11.6,393.2,5.057142,MD,no
481,1997,846.6,9.9,336.8,5.092914,MD,no
482,1998,796.6,10,298.7,5.130072,MD,no
483,1999,743.4,9,263.7,5.171634,MD,no
484,1977,425.3,3.1,169.9,5.738201,MA,no
485,1978,462,3.7,172.3,5.73647,MA,no
486,1979,531.3,3.7,203.2,5.738406,MA,no
487,1980,601.3,4.1,235.5,5.746075,MA,no
488,1981,628.6,3.6,270.9,5.768683,MA,no
489,1982,571.4,3.8,213.8,5.771226,MA,no
490,1983,576.8,3.5,208.5,5.799403,MA,no
491,1984,523.7,3.6,174.6,5.840772,MA,no
492,1985,538.2,3.5,188.5,5.880743,MA,no
493,1986,556.9,3.6,192.7,5.902682,MA,no
494,1987,564.6,3,177.3,5.935209,MA,no
495,1988,619.6,3.5,176.3,5.979981,MA,no
496,1989,675,4.3,202.6,6.015479,MA,no
497,1990,736.3,4,217.1,6.018664,MA,no
498,1991,736.1,4.2,194.6,5.998652,MA,no
499,1992,779,3.6,184.4,5.993474,MA,no
500,1993,804.9,3.9,175.7,6.010884,MA,no
501,1994,707.6,3.5,168.2,6.031352,MA,no
502,1995,687.2,3.6,150.4,6.062335,MA,no
503,1996,642.2,2.6,127.7,6.085393,MA,no
504,1997,644.2,1.9,109.1,6.115476,MA,no
505,1998,621.3,2,96.6,6.144407,MA,no
506,1999,551,2,96,6.175169,MA,no
507,1977,584.7,9.3,261.9,9.17111,MI,no
508,1978,577.2,10.6,219.3,9.217762,MI,no
509,1979,614.2,9.1,219.6,9.266269,MI,no
510,1980,639.5,10.2,244,9.255553,MI,no
511,1981,641.9,9.4,257.5,9.209284,MI,no
512,1982,656.6,9.1,271.1,9.115202,MI,no
513,1983,716.7,10,285.3,9.047753,MI,no
514,1984,760.1,9.7,306.7,9.049446,MI,no
515,1985,734.1,11.2,292.4,9.076297,MI,no
516,1986,803.9,11.3,301.3,9.127776,MI,no
517,1987,780.1,12.2,276.5,9.187485,MI,no
518,1988,741.7,10.8,241.1,9.218,MI,no
519,1989,709.2,10.7,222.3,9.25329,MI,no
520,1990,790.4,10.4,234,9.310462,MI,no
521,1991,803.1,10.8,243.3,9.395022,MI,no
522,1992,770.1,9.9,221.5,9.470323,MI,no
523,1993,791.5,9.8,238.5,9.52924,MI,no
524,1994,766.1,9.8,228.9,9.584481,MI,no
525,1995,687.8,8.5,187.3,9.659871,MI,no
526,1996,635.3,7.5,176.2,9.739184,MI,no
527,1997,590,7.8,152.8,9.78545,MI,no
528,1998,620.8,7.3,155.8,9.820231,MI,no
529,1999,574.9,7,143,9.863775,MI,no
530,1977,193.8,2.7,85.9,3.989365,MN,no
531,1978,189.6,2,85.1,4.015341,MN,no
532,1979,221,2.3,92.5,4.050317,MN,no
533,1980,227.8,2.6,99.1,4.085017,MN,no
534,1981,228.5,2.1,104.3,4.111674,MN,no
535,1982,219.3,2.3,101.3,4.131444,MN,no
536,1983,190.9,1.7,79.6,4.141438,MN,no
537,1984,211.5,1.8,71.1,4.157698,MN,no
538,1985,256.4,2.1,85.8,4.184286,MN,no
539,1986,284.6,2.5,102,4.205208,MN,no
540,1987,285.4,2.6,102.5,4.23514,MN,no
541,1988,290.1,2.9,94.7,4.296162,MN,no
542,1989,288.3,2.5,94.8,4.338045,MN,no
543,1990,306.1,2.7,92.7,4.387283,MN,no
544,1991,316,3,98,4.427429,MN,no
545,1992,338,3.3,109.5,4.471503,MN,no
546,1993,353.9,3.4,112.7,4.521709,MN,no
547,1994,359,3.2,117.6,4.566028,MN,no
548,1995,356.1,3.9,123.7,4.605445,MN,no
549,1996,338.8,3.6,115.6,4.647723,MN,no
550,1997,337.8,2.8,114.7,4.687726,MN,no
551,1998,310.2,2.6,92.5,4.726411,MN,no
552,1999,274,2.8,82,4.775508,MN,no
553,1977,288.7,14.3,65.7,2.459202,MS,no
554,1978,321.2,12.6,70.2,2.487817,MS,no
555,1979,323.6,12.6,70.7,2.507067,MS,no
556,1980,341.9,14.5,81,2.525342,MS,no
557,1981,304.6,12.6,81.4,2.539051,MS,no
558,1982,294.6,14,73,2.556768,MS,no
559,1983,280.4,11.2,63.8,2.56773,MS,no
560,1984,282,9.7,60.5,2.578058,MS,no
561,1985,270.9,10.6,62.6,2.588097,MS,no
562,1986,274.1,11.2,64.6,2.593596,MS,no
563,1987,269.8,10.2,57,2.588539,MS,no
564,1988,325.2,8.6,77.2,2.580353,MS,no
565,1989,311.2,9.7,78.3,2.574273,MS,no
566,1990,340.4,12.2,86.2,2.577426,MS,no
567,1991,389.1,12.8,116.3,2.59123,MS,yes
568,1992,411.7,12.2,124.5,2.610193,MS,yes
569,1993,433.9,13.5,139.3,2.635574,MS,yes
570,1994,493.7,15.3,162.5,2.66345,MS,yes
571,1995,502.8,12.9,130.9,2.690788,MS,yes
572,1996,488.3,11.1,134.2,2.709925,MS,yes
573,1997,469,13.1,137,2.731826,MS,yes
574,1998,410.7,11.4,123.3,2.751335,MS,yes
575,1999,349.3,7.7,111.6,2.768619,MS,yes
576,1977,460.4,9.6,189,4.863175,MO,no
577,1978,467.9,10.4,184,4.8894,MO,no
578,1979,527.2,11.2,210.9,4.912428,MO,no
579,1980,554.5,11.1,223.6,4.921966,MO,no
580,1981,540.2,10.4,215.2,4.932079,MO,no
581,1982,506.5,9.7,193,4.929442,MO,no
582,1983,477.2,8.1,167.9,4.943727,MO,no
583,1984,460.7,7.1,140.8,4.975283,MO,no
584,1985,503.5,8.1,147.6,5.000254,MO,no
585,1986,578.6,9.2,170.2,5.023068,MO,no
586,1987,544.6,8.3,164.1,5.056695,MO,no
587,1988,552.5,8,168.1,5.08173,MO,no
588,1989,632.6,7.9,195,5.095819,MO,no
589,1990,715.3,8.8,216.4,5.12637,MO,no
590,1991,763,10.5,251.1,5.15777,MO,no
591,1992,740.4,10.5,226.9,5.193686,MO,no
592,1993,744.4,11.3,241.8,5.237757,MO,no
593,1994,743.5,10.5,230.7,5.281206,MO,no
594,1995,663.8,8.8,204,5.32461,MO,no
595,1996,590.9,8.1,170.6,5.367888,MO,no
596,1997,577.4,7.9,156.1,5.407113,MO,no
597,1998,555.7,7.3,149.2,5.437562,MO,no
598,1999,500.2,6.6,130.7,5.468338,MO,no
599,1977,218,5.4,39.2,0.769954,MT,no
600,1978,237.6,4.8,36.8,0.782316,MT,no
601,1979,224.2,4.2,33.1,0.787308,MT,no
602,1980,222.6,4,34,0.788752,MT,no
603,1981,253,3.4,38.1,0.795317,MT,no
604,1982,224.8,3.9,33.1,0.80399,MT,no
605,1983,212.6,3.7,23.5,0.814028,MT,no
606,1984,237.6,4.4,27.4,0.820893,MT,no
607,1985,208.5,5.8,20.9,0.822305,MT,no
608,1986,157.4,2.9,19.5,0.813748,MT,no
609,1987,151.2,4.1,24.2,0.805064,MT,no
610,1988,123,2.6,22.6,0.800194,MT,no
611,1989,116,2.9,17,0.799642,MT,no
612,1990,159.3,4.9,21.7,0.799824,MT,no
613,1991,139.9,2.6,18.6,0.807837,MT,no
614,1992,169.9,2.9,26.9,0.822436,MT,yes
615,1993,177.5,3,32.4,0.839876,MT,yes
616,1994,177.1,3.3,32.7,0.854923,MT,yes
617,1995,171.4,4,29.1,0.868522,MT,yes
618,1996,161,3.9,29.7,0.876656,MT,yes
619,1997,132.1,4.8,20.4,0.878706,MT,yes
620,1998,138.8,4.1,19.9,0.879533,MT,yes
621,1999,206.5,2.6,25.8,0.882779,MT,yes
622,1977,199.4,3.9,64.7,1.556843,NE,no
623,1978,190.5,3,64.9,1.563884,NE,no
624,1979,225.9,4.1,73.5,1.567344,NE,no
625,1980,224.6,4.4,82.2,1.572296,NE,no
626,1981,181.5,3.1,70.7,1.578528,NE,no
627,1982,229.6,2,61.9,1.581786,NE,no
628,1983,217.7,2.6,49.8,1.584301,NE,no
629,1984,225.8,3.4,43.2,1.588629,NE,no
630,1985,237.9,2.9,48.5,1.584662,NE,no
631,1986,262.6,3.1,51.1,1.574336,NE,no
632,1987,251.2,3.5,47.1,1.566558,NE,no
633,1988,273.2,3.6,56.1,1.571464,NE,no
634,1989,279.5,2.5,52,1.574881,NE,no
635,1990,330,2.7,51.1,1.580664,NE,no
636,1991,334.6,3.3,54,1.590805,NE,no
637,1992,348.6,4.2,56.7,1.602406,NE,no
638,1993,377.8,3.9,62.4,1.612149,NE,no
639,1994,389.5,3.1,75.4,1.621551,NE,no
640,1995,382,2.9,65.2,1.635142,NE,no
641,1996,435,2.9,63.7,1.647657,NE,no
642,1997,438.4,3,66.2,1.656042,NE,no
643,1998,451.4,3.1,77.6,1.660772,NE,no
644,1999,430.2,3.6,75.9,1.666028,NE,no
645,1977,743,15.8,323.1,0.678334,NV,no
646,1978,780.8,15.5,359.5,0.719436,NV,no
647,1979,835.6,17.5,407.5,0.765364,NV,no
648,1980,912.6,20,460.6,0.810215,NV,no
649,1981,896.4,17.5,458,0.847639,NV,no
650,1982,805.4,13.6,419.6,0.881545,NV,no
651,1983,655.2,12.8,307.2,0.901974,NV,no
652,1984,628.5,10.8,279,0.924905,NV,no
653,1985,667.1,10.3,274.9,0.951024,NV,no
654,1986,718.9,12.6,286.9,0.980653,NV,no
655,1987,695.7,8.4,272.5,1.023418,NV,no
656,1988,780.7,10.5,291.2,1.075027,NV,no
657,1989,625.3,8.2,250.6,1.137369,NV,no
658,1990,600.9,9.7,238.3,1.218629,NV,no
659,1991,677,11.8,312.5,1.285046,NV,no
660,1992,696.8,10.9,331.3,1.330694,NV,no
661,1993,875.2,10.4,340.1,1.380197,NV,no
662,1994,1001.9,11.7,352.4,1.456388,NV,no
663,1995,945.2,10.7,324.6,1.525777,NV,no
664,1996,811.3,13.7,307.6,1.596476,NV,yes
665,1997,798.7,11.2,302.4,1.675581,NV,yes
666,1998,643.6,9.7,254.9,1.743772,NV,yes
667,1999,570,9.1,232.7,1.809253,NV,yes
668,1977,113.1,3.2,23.2,0.869762,NH,yes
669,1978,118.8,1.4,26.3,0.89152,NH,yes
670,1979,139.9,2.4,28.6,0.909075,NH,yes
671,1980,179.8,2.5,42,0.92425,NH,yes
672,1981,147.1,2.9,35.8,0.936644,NH,yes
673,1982,124.8,2.2,33.9,0.947717,NH,yes
674,1983,125.1,2,24.1,0.958125,NH,yes
675,1984,133.9,1,23.2,0.976864,NH,yes
676,1985,140.8,2.1,26.7,0.996757,NH,yes
677,1986,139.5,2.2,23.6,1.025055,NH,yes
678,1987,149.6,3,26.5,1.054283,NH,yes
679,1988,147.9,2.3,21.1,1.082576,NH,yes
680,1989,168.5,3.3,23.8,1.104523,NH,yes
681,1990,131.5,1.9,27.2,1.111831,NH,yes
682,1991,119.3,3.6,33,1.107055,NH,yes
683,1992,125.7,1.6,33,1.112766,NH,yes
684,1993,137.8,2,27.3,1.122191,NH,yes
685,1994,116.8,1.4,27.1,1.133054,NH,yes
686,1995,114.5,1.8,27.4,1.145604,NH,yes
687,1996,118.2,1.7,27.3,1.160768,NH,yes
688,1997,113.2,1.4,23.4,1.173239,NH,yes
689,1998,107.2,1.5,21.5,1.185823,NH,yes
690,1999,96.5,1.5,21.4,1.201134,NH,yes
691,1977,392,5.6,180.4,7.337173,NJ,no
692,1978,423.5,5.4,192.6,7.350804,NJ,no
693,1979,501.2,6.6,250,7.366514,NJ,no
694,1980,604.4,6.9,303.7,7.37633,NJ,no
695,1981,630.6,7.3,334.6,7.407475,NJ,no
696,1982,607.4,6.5,307.6,7.430968,NJ,no
697,1983,553.1,5.3,269,7.467789,NJ,no
698,1984,527.7,5.3,242.4,7.515478,NJ,no
699,1985,544.5,5.4,255,7.565519,NJ,no
700,1986,572.5,5.2,268.7,7.62215,NJ,no
701,1987,541,4.6,232.8,7.670743,NJ,no
702,1988,582.8,5.3,245.2,7.712334,NJ,no
703,1989,609,5.1,273.3,7.726086,NJ,no
704,1990,647.6,5.6,301,7.757158,NJ,no
705,1991,634.8,5.2,293.1,7.784269,NJ,no
706,1992,625.8,5.1,285.2,7.82777,NJ,no
707,1993,626.9,5.3,296,7.874891,NJ,no
708,1994,614.2,5,288,7.918796,NJ,no
709,1995,599.8,5.1,283,7.965523,NJ,no
710,1996,531.5,4.2,235.8,8.009624,NJ,no
711,1997,492.6,4.2,210.6,8.054178,NJ,no
712,1998,440.1,4,186.2,8.095542,NJ,no
713,1999,411.9,3.5,174.9,8.143412,NJ,no
714,1977,500.9,8.8,109.6,1.21572,NM,no
715,1978,528.2,10.2,111.6,1.238035,NM,no
716,1979,586,12.4,121,1.284722,NM,no
717,1980,615,13.1,127.9,1.3094,NM,no
718,1981,671.7,11.4,140.8,1.332709,NM,no
719,1982,734.5,11.6,126.2,1.363794,NM,no
720,1983,686.8,8.9,114,1.394352,NM,no
721,1984,688.1,9.1,130.3,1.416665,NM,no
722,1985,703.9,10.9,138.1,1.438371,NM,no
723,1986,725.6,11.5,129.5,1.462727,NM,no
724,1987,628.5,10.1,108.3,1.478519,NM,no
725,1988,658.1,11.5,103.1,1.490329,NM,no
726,1989,703.9,8.6,105.2,1.503892,NM,no
727,1990,780.2,9.2,115.1,1.519933,NM,no
728,1991,834.8,10.5,120.3,1.547115,NM,no
729,1992,934.9,8.9,139.3,1.58075,NM,no
730,1993,929.7,8,138.4,1.614937,NM,no
731,1994,889.2,10.7,140.8,1.653329,NM,no
732,1995,819.2,8.8,154.5,1.682417,NM,no
733,1996,840.6,11.5,162.4,1.706151,NM,no
734,1997,853.3,7.7,171.4,1.722939,NM,no
735,1998,961.4,10.9,163.4,1.733535,NM,no
736,1999,834.5,9.8,148.2,1.739844,NM,no
737,1977,831.8,10.7,472.6,17.81261,NY,no
738,1978,841,10.3,472.1,17.68059,NY,no
739,1979,917.4,11.9,529.6,17.58384,NY,no
740,1980,1029.5,12.7,641.3,17.56675,NY,no
741,1981,1069.6,12.3,684,17.56773,NY,no
742,1982,990.1,11.4,610.7,17.58975,NY,no
743,1983,914.1,11.1,536.5,17.6869,NY,no
744,1984,914.3,10.1,506.9,17.74569,NY,no
745,1985,929.9,9.5,504.4,17.79167,NY,no
746,1986,985.9,10.7,514.1,17.83342,NY,no
747,1987,1008.1,11.3,503.3,17.86885,NY,no
748,1988,1097.3,12.5,544.4,17.94131,NY,no
749,1989,1131.2,12.5,579.3,17.98309,NY,no
750,1990,1180.9,14.5,624.7,18.00286,NY,no
751,1991,1163.9,14.2,622.1,18.02953,NY,no
752,1992,1122.1,13.2,596.9,18.08203,NY,no
753,1993,1073.5,13.3,561.2,18.14089,NY,no
754,1994,965.6,11.1,476.7,18.15665,NY,no
755,1995,841.9,8.5,399.7,18.15093,NY,no
756,1996,727,7.4,340,18.1438,NY,no
757,1997,688.6,6,309.3,18.14318,NY,no
758,1998,637.8,5.1,270.3,18.15918,NY,no
759,1999,588.8,5,240.8,18.1966,NY,no
760,1977,407.1,10.6,61.3,5.685611,NC,no
761,1978,413.4,10.8,65.9,5.759492,NC,no
762,1979,446.1,10.7,77.2,5.823493,NC,no
763,1980,455,10.6,82.3,5.89898,NC,no
764,1981,436.7,9.1,80.8,5.956661,NC,no
765,1982,446.3,9.1,85.9,6.019141,NC,no
766,1983,409.6,8.1,79.6,6.077066,NC,no
767,1984,403.6,8.7,74.8,6.164014,NC,no
768,1985,420.9,8.3,78.2,6.253989,NC,no
769,1986,475.9,8.1,87.7,6.321582,NC,no
770,1987,484,8.1,93.9,6.403696,NC,no
771,1988,501.9,7.8,108.6,6.480598,NC,no
772,1989,546.4,8.9,133.5,6.565467,NC,no
773,1990,623.5,10.7,152.1,6.656987,NC,no
774,1991,658.4,11.4,178,6.748135,NC,no
775,1992,681,10.6,186.8,6.83185,NC,no
776,1993,679.3,11.3,192.4,6.947412,NC,no
777,1994,655,10.9,181.2,7.060959,NC,no
778,1995,646.4,9.4,179.2,7.185403,NC,no
779,1996,588.1,8.5,163.9,7.307658,NC,yes
780,1997,607,8.3,172.6,7.428672,NC,yes
781,1998,579.4,8.1,160.8,7.545828,NC,yes
782,1999,542.1,7.2,158,7.650789,NC,yes
783,1977,67.1,0.9,13.3,0.649769,ND,no
784,1978,67,1.2,15.6,0.651302,ND,no
785,1979,61.3,1.5,9.9,0.652893,ND,no
786,1980,54,1.2,7.7,0.65438,ND,no
787,1981,67.5,2.3,12.9,0.659524,ND,no
788,1982,61.8,0.7,12.7,0.668969,ND,no
789,1983,53.7,2.1,7.8,0.676685,ND,no
790,1984,53.6,1.2,7.7,0.680498,ND,no
791,1985,47,1,6.4,0.676991,ND,no
792,1986,51.3,1,6.9,0.669489,ND,yes
793,1987,56.8,1.5,7.6,0.661167,ND,yes
794,1988,59.1,1.8,8.1,0.655273,ND,yes
795,1989,63.2,0.6,9.2,0.646341,ND,yes
796,1990,73.9,0.8,7.8,0.637364,ND,yes
797,1991,65.4,1.1,8,0.634199,ND,yes
798,1992,83.3,1.9,7.9,0.635427,ND,yes
799,1993,82.2,1.7,8.3,0.637229,ND,yes
800,1994,81.8,0.2,11.1,0.639762,ND,yes
801,1995,86.7,0.9,10,0.641548,ND,yes
802,1996,84,2.2,11,0.642858,ND,yes
803,1997,87.2,0.9,6.4,0.640945,ND,yes
804,1998,89.3,1.1,10.2,0.637808,ND,yes
805,1999,66.9,1.6,8.8,0.633666,ND,yes
806,1977,406.7,7.8,190.5,10.7714,OH,no
807,1978,412.7,6.9,182.6,10.79558,OH,no
808,1979,457.5,8.1,194.8,10.7983,OH,no
809,1980,498.3,8.1,223.7,10.80065,OH,no
810,1981,496.6,7.4,236.9,10.78832,OH,no
811,1982,436.7,6.3,183.6,10.75709,OH,no
812,1983,397.9,5.6,159.4,10.73763,OH,no
813,1984,385.3,5.1,145.6,10.73775,OH,no
814,1985,381.6,5.2,133.1,10.73492,OH,no
815,1986,420.9,5.5,142.1,10.73027,OH,no
816,1987,421.3,5.8,153.1,10.76008,OH,no
817,1988,452,5.4,161.4,10.79856,OH,no
818,1989,468.6,6,170.9,10.82921,OH,no
819,1990,506.2,6.1,188.5,10.86184,OH,no
820,1991,561.8,7.2,215.2,10.93368,OH,no
821,1992,525.9,6.6,199,11.00761,OH,no
822,1993,504.1,6,192.7,11.07038,OH,no
823,1994,485.8,6,187.5,11.11145,OH,no
824,1995,482.5,5.4,178.7,11.15549,OH,no
825,1996,428.7,4.8,164.1,11.18703,OH,no
826,1997,435.4,4.7,158.7,11.2125,OH,no
827,1998,362.5,4,133.5,11.23775,OH,no
828,1999,316.4,3.5,128,11.25665,OH,no
829,1977,316.6,8.6,73.8,2.870012,OK,no
830,1978,353,8.5,88.3,2.917336,OK,no
831,1979,405.2,9.7,102.6,2.975311,OK,no
832,1980,419.5,10,104.9,3.040758,OK,no
833,1981,426.8,9,115.4,3.096157,OK,no
834,1982,443.9,10.8,132.8,3.206124,OK,no
835,1983,423.4,7.6,128.7,3.290404,OK,no
836,1984,407.5,7.8,111.2,3.285528,OK,no
837,1985,422,7.7,106.8,3.271332,OK,no
838,1986,436.4,8.1,106.5,3.252731,OK,no
839,1987,417.6,7.5,109.5,3.210117,OK,no
840,1988,434.5,7.4,105.1,3.167058,OK,no
841,1989,491.5,6.5,126.2,3.150299,OK,no
842,1990,547.5,8,121.9,3.147105,OK,no
843,1991,583.7,7.2,128.9,3.166471,OK,no
844,1992,622.8,6.5,136.2,3.204174,OK,no
845,1993,634.8,8.4,121.8,3.228829,OK,no
846,1994,651.5,6.9,128.1,3.246119,OK,no
847,1995,664.1,12.2,115.6,3.265547,OK,no
848,1996,597.1,6.8,106.8,3.289634,OK,yes
849,1997,559.5,6.9,103.9,3.314259,OK,yes
850,1998,539.4,6.1,92,3.339478,OK,yes
851,1999,508.2,6.9,82.9,3.358044,OK,yes
852,1977,455.8,4.9,124.1,2.446673,OR,no
853,1978,502.4,5,131.1,2.518299,OR,no
854,1979,545.4,4.2,130.6,2.588013,OR,no
855,1980,490.4,5.1,152.4,2.641218,OR,no
856,1981,478.7,4.4,180.6,2.667984,OR,no
857,1982,473,5.1,167.3,2.664922,OR,no
858,1983,487.8,4.1,170.3,2.653058,OR,no
859,1984,506.1,4.8,168.6,2.666592,OR,no
860,1985,551.1,4.7,185.6,2.672648,OR,no
861,1986,549.7,6.6,205.9,2.683531,OR,no
862,1987,539.5,5.6,196,2.700999,OR,no
863,1988,545.7,5.1,193,2.741307,OR,no
864,1989,518.6,4.8,151.8,2.790568,OR,no
865,1990,506.8,3.8,144.3,2.858547,OR,no
866,1991,506.3,4.6,150.1,2.918745,OR,yes
867,1992,510.2,4.7,151.4,2.973934,OR,yes
868,1993,503.1,4.6,129.6,3.03449,OR,yes
869,1994,520.6,4.9,138.2,3.087142,OR,yes
870,1995,522.4,4.1,137.9,3.141421,OR,yes
871,1996,463.1,4,122.2,3.195087,OR,yes
872,1997,444.4,2.9,117.5,3.243254,OR,yes
873,1998,419.8,3.8,105.2,3.282055,OR,yes
874,1999,374.9,2.7,86.2,3.316154,OR,yes
875,1977,282.8,5.6,130.3,11.89359,PA,no
876,1978,301.1,6.2,136.7,11.8794,PA,no
877,1979,333.6,6.2,152.2,11.88798,PA,no
878,1980,363.9,6.8,177.9,11.86831,PA,no
879,1981,371.7,6.1,186.6,11.85857,PA,no
880,1982,360.4,5.7,175.4,11.84515,PA,no
881,1983,342.8,4.9,172.3,11.83773,PA,no
882,1984,320.6,4.5,148.4,11.81517,PA,no
883,1985,331.1,4.6,147,11.77085,PA,no
884,1986,358.6,5.5,152.1,11.78275,PA,no
885,1987,369.4,5.4,144.4,11.81086,PA,no
886,1988,362,5.5,138.1,11.84575,PA,no
887,1989,378.6,6.3,149.7,11.86601,PA,no
888,1990,431,6.7,176.2,11.8956,PA,yes
889,1991,450,6.3,193.9,11.94316,PA,yes
890,1992,427,6.2,180.7,11.98082,PA,yes
891,1993,417.5,6.8,179,12.02213,PA,yes
892,1994,426.7,5.9,186.7,12.04255,PA,yes
893,1995,427.3,6.3,189.3,12.04478,PA,yes
894,1996,480.3,5.7,189,12.03801,PA,yes
895,1997,442.1,5.9,156.3,12.01589,PA,yes
896,1998,420.5,5.3,164.9,12.00233,PA,yes
897,1999,420.5,4.9,155.7,11.99402,PA,yes
898,1977,301.6,3.6,86.5,0.950231,RI,no
899,1978,348.1,4,98.2,0.951816,RI,no
900,1979,375.1,3.2,109.7,0.950381,RI,no
901,1980,408.5,4.4,118.6,0.948773,RI,no
902,1981,441.7,4.2,132,0.953007,RI,no
903,1982,401.8,3.7,114.7,0.954176,RI,no
904,1983,355.2,2.7,112.9,0.956376,RI,no
905,1984,334.7,3.4,113.4,0.961901,RI,no
906,1985,346.6,3.6,115.9,0.96895,RI,no
907,1986,335.5,3.5,118.7,0.977343,RI,no
908,1987,359.7,3.5,107.7,0.989603,RI,no
909,1988,396.7,4.1,115.2,0.996417,RI,no
910,1989,378,4.9,112.4,1.000665,RI,no
911,1990,431.9,4.8,122,1.004649,RI,no
912,1991,462,3.7,122.9,1.00399,RI,no
913,1992,394.5,3.6,94.5,1.000571,RI,no
914,1993,401.7,3.9,101.1,0.997852,RI,no
915,1994,375.5,4.1,87.3,0.993412,RI,no
916,1995,368,3.3,92.3,0.989203,RI,no
917,1996,347.2,2.5,83.2,0.987858,RI,no
918,1997,333.5,2.5,71.6,0.986966,RI,no
919,1998,312.1,2.4,66.7,0.987704,RI,no
920,1999,286.6,3.6,79.5,0.990819,RI,no
921,1977,636.2,11.9,105.9,2.991683,SC,no
922,1978,637.6,11.5,101.3,3.044365,SC,no
923,1979,678.3,12.6,107.6,3.090266,SC,no
924,1980,660,11.4,118.1,3.134502,SC,no
925,1981,640.4,10.4,120.2,3.179235,SC,no
926,1982,720,10.9,122.4,3.207618,SC,no
927,1983,616.8,9.8,104.9,3.234074,SC,no
928,1984,624.5,9.2,103.3,3.271861,SC,no
929,1985,631,9.1,93.9,3.303208,SC,no
930,1986,674.6,8.6,99.5,3.342769,SC,no
931,1987,664.9,9.3,101.1,3.380506,SC,no
932,1988,741.2,9.3,124.7,3.412091,SC,no
933,1989,813.7,9.1,130.2,3.45677,SC,no
934,1990,976.6,11.2,152.4,3.499064,SC,no
935,1991,972.5,11.3,171.1,3.55947,SC,no
936,1992,944.5,10.4,170.6,3.600576,SC,no
937,1993,1023.4,10.3,187.3,3.634507,SC,no
938,1994,1030.5,9.6,186.1,3.666456,SC,no
939,1995,981.9,7.9,175.9,3.699943,SC,no
940,1996,996.9,9,172,3.738974,SC,no
941,1997,990.3,8.4,176.2,3.790066,SC,yes
942,1998,903.2,8,154.9,3.839578,SC,yes
943,1999,847.1,6.6,148.2,3.885736,SC,yes
944,1977,189.1,2,17.9,0.68848,SD,no
945,1978,163.5,1.9,15.9,0.68858,SD,no
946,1979,159.1,2,20.3,0.688334,SD,no
947,1980,126.8,0.7,20.1,0.690851,SD,no
948,1981,104.8,1.8,17.8,0.689569,SD,no
949,1982,99,2.7,17.1,0.690615,SD,no
950,1983,120,2.1,15.9,0.692985,SD,no
951,1984,147.5,1.8,14.9,0.697239,SD,no
952,1985,136.6,1.8,17.1,0.6984,SD,no
953,1986,124.7,4,16.2,0.69598,SD,yes
954,1987,119.7,1.8,12.3,0.696042,SD,yes
955,1988,113.7,3.1,12.2,0.698148,SD,yes
956,1989,135.5,1.3,11.7,0.696691,SD,yes
957,1990,162.8,2,12.4,0.696667,SD,yes
958,1991,182.2,1.7,18.8,0.701445,SD,yes
959,1992,194.5,0.6,16.9,0.708698,SD,yes
960,1993,208.4,3.4,15,0.716258,SD,yes
961,1994,227.6,1.4,18.7,0.723038,SD,yes
962,1995,207.5,1.8,25.9,0.728251,SD,yes
963,1996,177.2,1.2,18.9,0.730699,SD,yes
964,1997,197.4,1.4,23.3,0.730855,SD,yes
965,1998,154.3,1.4,20.2,0.730789,SD,yes
966,1999,167.4,2.5,14.1,0.733133,SD,yes
967,1977,389.5,10.1,145.8,4.422921,TN,no
968,1978,382.6,9.4,152.4,4.486313,TN,no
969,1979,414,9.8,166.1,4.560474,TN,no
970,1980,458.1,10.8,180.6,4.600252,TN,no
971,1981,412.6,9.7,171.7,4.627667,TN,no
972,1982,421.1,9.7,175.7,4.646043,TN,no
973,1983,402,8.8,172.8,4.659755,TN,no
974,1984,445.4,8.4,166.8,4.68674,TN,no
975,1985,474.4,9,180.9,4.715287,TN,no
976,1986,539.6,10.4,207.7,4.738713,TN,no
977,1987,533.5,9.1,193.8,4.78293,TN,no
978,1988,532.7,9.4,173.6,4.822437,TN,no
979,1989,548.9,8.4,160.4,4.854461,TN,no
980,1990,670.4,10.5,191.2,4.890626,TN,no
981,1991,725.9,11,212.9,4.946886,TN,no
982,1992,746.2,10.4,218.2,5.013999,TN,no
983,1993,765.8,10.2,220.1,5.085666,TN,no
984,1994,747.9,9.3,207.4,5.163016,TN,no
985,1995,771.5,10.6,223.2,5.241168,TN,yes
986,1996,774,9.5,223.7,5.313576,TN,yes
987,1997,789.7,9.5,214,5.378433,TN,yes
988,1998,715,8.5,178,5.432679,TN,yes
989,1999,694.9,7.1,156.8,5.483535,TN,yes
990,1977,407.7,13.3,152.4,13.19306,TX,no
991,1978,435.3,14.2,164.4,13.50043,TX,no
992,1979,507.9,16.7,191.8,13.88837,TX,no
993,1980,550.3,16.9,208.5,14.33821,TX,no
994,1981,532.4,16.6,193.3,14.74631,TX,no
995,1982,577.1,16.1,220,15.33141,TX,no
996,1983,512.2,14.2,189.3,15.75168,TX,no
997,1984,505,13.1,178.5,16.00708,TX,no
998,1985,550,13,193.5,16.27274,TX,no
999,1986,658.9,13.5,239.9,16.56111,TX,no
1000,1987,631.1,11.7,226.7,16.6218,TX,no
1001,1988,652.6,12.1,234.2,16.66702,TX,no
1002,1989,658.5,11.9,223.1,16.80673,TX,no
1003,1990,761.4,14.1,260.8,17.04471,TX,no
1004,1991,840.1,15.3,286.5,17.3399,TX,no
1005,1992,806.3,12.7,252.5,17.65048,TX,no
1006,1993,762.1,11.9,224.4,17.99676,TX,no
1007,1994,706.5,11,204.8,18.33832,TX,no
1008,1995,663.9,9,179.8,18.67971,TX,no
1009,1996,644.4,7.7,171.5,19.00624,TX,no
1010,1997,602.5,6.8,157,19.35543,TX,yes
1011,1998,564.6,6.8,145.1,19.71239,TX,yes
1012,1999,560.3,6.1,146.7,20.04414,TX,yes
1013,1977,240,3.5,68.8,1.319511,UT,no
1014,1978,271.8,3.7,66.5,1.367512,UT,no
1015,1979,304.2,4.8,77.7,1.420239,UT,no
1016,1980,303.3,3.8,80.2,1.472595,UT,no
1017,1981,298.6,3.3,84.8,1.515469,UT,no
1018,1982,285.7,3.4,86.5,1.558316,UT,no
1019,1983,256,3.5,64.3,1.594939,UT,no
1020,1984,244.2,2.8,58,1.622341,UT,no
1021,1985,267.4,3,55.2,1.642907,UT,no
1022,1986,266.7,3.2,58.6,1.662838,UT,no
1023,1987,229.8,3.3,52.8,1.678115,UT,yes
1024,1988,243.1,2.8,54.1,1.689366,UT,yes
1025,1989,258.8,2.6,52.6,1.705867,UT,yes
1026,1990,283.9,3,56.9,1.729722,UT,yes
1027,1991,286.8,2.9,55.1,1.771941,UT,yes
1028,1992,290.5,3,55.9,1.821498,UT,yes
1029,1993,301,3.1,58.6,1.875993,UT,yes
1030,1994,304.5,2.9,63.6,1.930436,UT,yes
1031,1995,328.8,3.9,67.1,1.976774,UT,yes
1032,1996,331.9,3.2,68.9,2.022253,UT,yes
1033,1997,334,2.4,68.4,2.065397,UT,yes
1034,1998,314.2,3.1,66,2.100562,UT,yes
1035,1999,275.5,2.1,54.4,2.129836,UT,yes
1036,1977,149.5,1.4,30.8,0.491929,VT,yes
1037,1978,166.3,3.3,14.4,0.498108,VT,yes
1038,1979,184.2,1.4,28.6,0.505372,VT,yes
1039,1980,178.8,2.2,38.9,0.512524,VT,yes
1040,1981,128,4.3,27.6,0.515605,VT,yes
1041,1982,126.9,2.3,23.1,0.519107,VT,yes
1042,1983,132.6,3.6,27.8,0.523308,VT,yes
1043,1984,145.1,2.3,23,0.526658,VT,yes
1044,1985,147.7,3.4,20.9,0.530029,VT,yes
1045,1986,149.2,2,22.2,0.534055,VT,yes
1046,1987,136.5,2.7,16.8,0.540273,VT,yes
1047,1988,142.3,2,16,0.549766,VT,yes
1048,1989,132.8,1.9,18,0.557699,VT,yes
1049,1990,127.2,2.3,11.7,0.564526,VT,yes
1050,1991,116.8,2.1,11.8,0.567141,VT,yes
1051,1992,109.5,2.1,8.9,0.570115,VT,yes
1052,1993,114.2,3.6,9,0.574004,VT,yes
1053,1994,96.9,1,12.2,0.5789,VT,yes
1054,1995,118.3,2.2,10.9,0.582827,VT,yes
1055,1996,121.2,1.9,15.4,0.586352,VT,yes
1056,1997,119.7,1.5,13.4,0.588665,VT,yes
1057,1998,106.3,2.2,9.5,0.590579,VT,yes
1058,1999,113.8,2.9,10.9,0.59374,VT,yes
1059,1977,290,9,92.1,5.193112,VA,no
1060,1978,286.4,8.8,97.1,5.270238,VA,no
1061,1979,301,8.6,111.6,5.307945,VA,no
1062,1980,307.2,8.6,120.1,5.368334,VA,no
1063,1981,321.7,8.6,133.2,5.444106,VA,no
1064,1982,309.1,7.4,122.2,5.492773,VA,no
1065,1983,292.5,7,110.5,5.564658,VA,no
1066,1984,295.6,7.7,102.3,5.64386,VA,no
1067,1985,294.7,7.1,100.2,5.715156,VA,no
1068,1986,306,7.1,105.7,5.811691,VA,no
1069,1987,295,7.4,105.8,5.932267,VA,no
1070,1988,299.2,7.8,112.5,6.036911,VA,no
1071,1989,312.5,7.9,106.5,6.120232,VA,no
1072,1990,350.6,8.8,123.3,6.213526,VA,no
1073,1991,373.2,9.3,137.6,6.283853,VA,no
1074,1992,374.9,8.8,137.8,6.383315,VA,no
1075,1993,372.2,8.3,142,6.464795,VA,no
1076,1994,357.7,8.7,132.8,6.536771,VA,no
1077,1995,361.5,7.6,131.7,6.601392,VA,no
1078,1996,341.3,7.5,122.6,6.665491,VA,yes
1079,1997,345.2,7.2,124.5,6.732878,VA,yes
1080,1998,325.7,6.2,105.6,6.789225,VA,yes
1081,1999,314.7,5.7,101.1,6.872912,VA,yes
1082,1977,374.9,4.3,106.2,3.77605,WA,yes
1083,1978,405.3,4.6,125,3.889073,WA,yes
1084,1979,434.6,4.8,120.7,4.017632,WA,yes
1085,1980,464.3,5.5,135.1,4.154678,WA,yes
1086,1981,447.3,5.1,130,4.235731,WA,yes
1087,1982,406.4,4.4,117.9,4.276545,WA,yes
1088,1983,371.8,4.9,105.4,4.30027,WA,yes
1089,1984,406.4,4.6,120.6,4.34365,WA,yes
1090,1985,425.4,5.2,132,4.400098,WA,yes
1091,1986,437,5,135.1,4.452722,WA,yes
1092,1987,439.5,5.6,141.4,4.531891,WA,yes
1093,1988,466.4,5.7,145.9,4.639893,WA,yes
1094,1989,471.7,4.4,140.1,4.746321,WA,yes
1095,1990,501.6,4.9,130,4.90078,WA,yes
1096,1991,522.6,4.2,145.5,5.013443,WA,yes
1097,1992,534.5,5,139.8,5.139011,WA,yes
1098,1993,514.6,5.2,137.1,5.247704,WA,yes
1099,1994,511.3,5.5,139.7,5.334896,WA,yes
1100,1995,484.3,5.1,132.7,5.431024,WA,yes
1101,1996,431.2,4.6,119,5.509963,WA,yes
1102,1997,440.7,4.3,120,5.604105,WA,yes
1103,1998,428.5,3.9,115.6,5.687832,WA,yes
1104,1999,377.3,3,100.9,5.756361,WA,yes
1105,1977,152.3,6,42.2,1.908088,WV,no
1106,1978,167.7,6.8,46.3,1.923395,WV,no
1107,1979,168.1,6.8,43.9,1.942146,WV,no
1108,1980,183.7,7.1,48.5,1.951349,WV,no
1109,1981,174.8,6,50.2,1.954115,WV,no
1110,1982,174.8,5.2,49.8,1.949606,WV,no
1111,1983,171.8,4.9,44.2,1.945065,WV,no
1112,1984,168.2,4.4,38.1,1.927701,WV,no
1113,1985,166,3.8,37.6,1.906828,WV,no
1114,1986,164.5,5.9,41,1.88235,WV,no
1115,1987,137.3,4.8,31.2,1.857579,WV,no
1116,1988,131.4,4.9,34.2,1.830211,WV,no
1117,1989,146.7,6.5,42.7,1.806552,WV,no
1118,1990,169.3,5.7,37.9,1.792481,WV,yes
1119,1991,191,6.2,43.3,1.798212,WV,yes
1120,1992,211.5,6.3,43.5,1.805462,WV,yes
1121,1993,208.4,6.9,43,1.816179,WV,yes
1122,1994,215.8,5.4,42.4,1.81849,WV,yes
1123,1995,210.2,4.9,42.7,1.82056,WV,yes
1124,1996,210.1,3.8,40.4,1.818983,WV,yes
1125,1997,218.7,4.1,43.1,1.815588,WV,yes
1126,1998,248.6,4.3,37.3,1.811688,WV,yes
1127,1999,350.6,4.4,36.6,1.806928,WV,yes
1128,1977,131.5,2.8,52.2,4.626517,WI,no
1129,1978,132.2,2.5,49.9,4.646109,WI,no
1130,1979,166.1,3.4,60.5,4.682812,WI,no
1131,1980,182.6,2.9,70.7,4.712045,WI,no
1132,1981,187.9,3.4,68.6,4.726336,WI,no
1133,1982,190.5,3.1,71.2,4.728876,WI,no
1134,1983,190.9,2.8,71.9,4.721445,WI,no
1135,1984,196.5,2.5,66.4,4.735576,WI,no
1136,1985,206.9,2.8,70.2,4.747753,WI,no
1137,1986,257.9,3.1,72.8,4.755625,WI,no
1138,1987,249.9,3.5,66.4,4.77793,WI,no
1139,1988,214.4,3,67.1,4.822402,WI,no
1140,1989,222.6,3.6,75.2,4.856575,WI,no
1141,1990,264.7,4.6,112.7,4.902265,WI,no
1142,1991,277,4.8,119,4.952675,WI,no
1143,1992,275.7,4.4,119.8,5.004636,WI,no
1144,1993,264.4,4.4,113.4,5.055318,WI,no
1145,1994,270.5,4.5,112.9,5.095504,WI,no
1146,1995,281.1,4.3,105.1,5.137004,WI,no
1147,1996,252.7,4,96.6,5.173828,WI,no
1148,1997,270.6,4,100.9,5.200235,WI,no
1149,1998,249,3.6,85.6,5.222124,WI,no
1150,1999,245.9,3.4,84.7,5.250446,WI,no
1151,1977,240.9,5.4,39.7,0.413353,WY,no
1152,1978,280.4,7.1,48.1,0.432877,WY,no
1153,1979,350.9,9.1,42.2,0.454378,WY,no
1154,1980,392.6,6.2,44.4,0.474185,WY,no
1155,1981,430.1,5.5,41.9,0.491715,WY,no
1156,1982,304.2,9.2,34.3,0.506408,WY,no
1157,1983,237.2,5.8,29.8,0.510329,WY,no
1158,1984,242.1,3.3,23.1,0.504893,WY,no
1159,1985,256.8,4.3,20,0.499692,WY,no
1160,1986,293.1,5.3,22.5,0.495624,WY,no
1161,1987,283.1,2,20,0.476967,WY,no
1162,1988,314,2.5,15.1,0.465098,WY,no
1163,1989,258.3,4.4,17.1,0.458377,WY,no
1164,1990,301.4,4.9,15.9,0.453401,WY,no
1165,1991,310.2,3.3,17.2,0.457739,WY,no
1166,1992,319.5,3.6,18,0.463491,WY,no
1167,1993,286.2,3.4,17.2,0.469033,WY,no
1168,1994,272.5,3.4,16.6,0.474982,WY,no
1169,1995,254.2,2.1,17.9,0.478447,WY,yes
1170,1996,249.7,3.3,20.4,0.480085,WY,yes
1171,1997,255.2,3.5,17.7,0.480031,WY,yes
1172,1998,247.6,4.8,16.2,0.480045,WY,yes
1173,1999,232.3,2.3,15.4,0.479602,WY,yes